age,gender,raceethnicity,month,year,city,state,latitude,longitude,lawenforcementagency,cause,armed,pop,share_white,share_black,share_hispanic,p_income,h_income,county_income,comp_income,pov,urate,college
16,Male,Black,February,2015,Millbrook,AL,32.529577,-86.362829,Millbrook Police Department,Gunshot,No,3779,60.5,30.5,5.6,28375,51367.0,54766,0.937935946,14.1,0.097686375,0.1685095089999999
27,Male,White,April,2015,Pineville,LA,31.3217392,-92.4348602,Rapides Parish Sheriff's Office,Gunshot,No,2769,53.8,36.2,0.5,14678,27972.0,40930,0.6834107009999999,28.8,0.065723794,0.111402359
26,Male,White,March,2015,Kenosha,WI,42.5835597,-87.83571009999999,Kenosha Police Department,Gunshot,No,4079,73.8,7.7,16.8,25286,45365.0,54930,0.8258692879999999,14.6,0.166293142,0.147312269
25,Male,Hispanic/Latino,March,2015,South Gate,CA,33.9392976,-118.2194634,South Gate Police Department,Gunshot,Firearm,4343,1.2,0.6,98.8,17194,48295.0,55909,0.863814413,11.7,0.124827269,0.050132928
29,Male,White,March,2015,Munroe Falls,OH,41.1485748,-81.4298782,Kent Police Department,Gunshot,No,6809,92.5,1.4,1.7,33954,68785.0,49669,1.384867825,1.9,0.063549832,0.403954214
29,Male,White,March,2015,Phoenix,AZ,33.4693799,-112.0433197,Phoenix Police Department,Gunshot,No,4682,7,7.7,79,15523,20833.0,53596,0.388704381,58,0.073651452,0.102955195
22,Male,Hispanic/Latino,March,2015,Bakersfield,CA,35.3956975,-119.0027449,Bakersfield Police Department,Gunshot,Firearm,5027,50.8,0.3,44.2,25949,58068.0,48552,1.195996045,17.2,0.131461131,0.20380117
35,Male,Hispanic/Latino,March,2015,Wilmington,CA,33.7930495,-118.2709256,Los Angeles Police Department,Gunshot,Non-lethal firearm,5238,8.6,0.2,84.1,25043,66543.0,55909,1.190201935,12.2,0.094346979,0.0904376009999999
44,Male,White,January,2015,Sunset,TX,30.6653042,-96.4014816,Wise County Sheriff's Department and Texas DPS ,Gunshot,Firearm,4832,14.6,17.7,66.3,16778,30391.0,38310,0.7932915690000001,37.7,0.140832976,0.047601339
31,Male,White,February,2015,Wyoming,MI,42.8932381,-85.6605835,Kentwood Police Department and Wyoming DPS,Gunshot,Other,3795,63.6,7.7,26.5,22005,44553.0,51667,0.8623105659999999,18.4,0.174167417,0.102691511
76,Male,White,April,2015,Hanford,CA,36.2109603,-119.5828798,Kings County Sheriff's Office,Gunshot,Knife,2786,51.4,0.9,44.9,26916,56065.0,48133,1.164793385,9.2,0.041085271,0.1003289469999999
40,Male,White,May,2015,Rancho Santa Margarita,CA,33.6533852,-117.6133728,Orange County Sheriff's Department,Gunshot,No,9429,67.3,0.6,12.9,51186,117413.0,75422,1.556747368,4.4,0.057580779,0.527176781
Unknown,Male,Hispanic/Latino,February,2015,Houston,TX,29.9832049,-95.4038566,US Marshals Service,Gunshot,No,11228,7.5,32.1,53.3,27414,53572.0,53137,1.008186386,18.1,0.073771857,0.095803642
31,Male,White,February,2015,Terre Haute ,IN,39.4629302,-87.3788602,Terre Haute Police Department ,Gunshot,Firearm,3413,83.7,7.6,3.1,25563,44857.0,40692,1.1023542709999998,13.1,0.0544701009999999,0.3458578539999999
23,Male,White,April,2015,Indianapolis,IN,39.7669106,-86.1499634,Indianapolis Metropolitan Police Department,Gunshot,Non-lethal firearm,5573,64,23.5,7.5,25998,39727.0,42334,0.938418293,26,0.067321178,0.568033429
39,Male,Hispanic/Latino,May,2015,Nashville,TN,36.1259117,-86.70901490000001,Metro Nashville Police Department,Gunshot,Firearm,6315,37.5,27,24.7,20027,25500.0,47335,0.538713426,36.3,0.088225858,0.226814777
25,Female,Black,April,2015,Atlanta,GA,33.751262700000005,-84.3930283,Atlanta Police Department,Gunshot,Vehicle,1997,30.5,58.4,6.4,23205,56190.0,56857,0.988268815,42.4,0.2294820719999999,0.3805374
54,Male,Hispanic/Latino,May,2015,Arlington,VA,38.8731527,-77.1050099,Arlington Police Department,Gunshot,Firearm,3651,52.2,16.2,15.7,29881,38125.0,103208,0.369399659,20.5,0.011916111,0.424964937
24,Female,White,March,2015,San Francisco,CA,37.7894309,-122.4220984,San Francisco Police Department,Gunshot,Firearm,5286,44.8,6.9,16.5,41676,61904.0,75604,0.818792656,11.6,0.040850588,0.552548489
57,Male,Black,January,2015,San Francisco,CA,37.62797929999999,-122.4539337,San Francisco Sheriff's Department,Death in custody,No,5740,31.3,7.5,15.2,37455,111903.0,88202,1.268712728,6.4,0.0632683659999999,0.40952621
21,Male,Hispanic/Latino,February,2015,San Francisco,CA,37.7525108,-122.4140801,San Francisco Police Department,Gunshot,Vehicle,4303,28.3,5.1,58.1,27384,60479.0,75604,0.799944447,12.7,0.115890508,0.349884906
42,Male,Black,January,2015,Norfolk,NE,42.0185249,-97.3862886,Norfolk Police Division,Death in custody,No,5213,92.3,2.3,2.9,23342,54809.0,46566,1.177017566,10.3,0.035221496,0.258886442
21,Male,Hispanic/Latino,February,2015,Kansas City,KS,39.0714403,-94.6402303,Kansas City KS Police Department and Kansas Highway Patrol,Gunshot,Other,4149,40.3,10.7,41.4,22719,32471.0,39402,0.824095224,36.5,0.178185745,0.070931245
36,Male,White,March,2015,Fontana,CA,34.077442100000006,-117.4297614,Fontana Police Department,Gunshot,Firearm,6460,17.8,4.4,76.4,18376,39153.0,54090,0.72384914,24.4,0.262976968,0.071504237
26,Male,White,April,2015,Chickasha,OK,35.0401063,-97.9480673,Grady County Sheriff's Department and Chickasha Police Department,Gunshot,Firearm,3348,77.7,0.9,9.7,17695,32034.0,49637,0.645365352,20.3,0.011335013,0.1694018
49,Male,White,March,2015,Medford,OR,42.3301735,-122.89873500000002,Medford Police Department,Gunshot,Firearm,5824,78.1,2.2,15.1,21610,43625.0,44005,0.991364618,24.8,0.1311589169999999,0.125731679
54,Male,White,January,2015,Derry,NH,42.90808010000001,-71.33664990000001,Derry Police Department,Gunshot,Firearm,4521,94,1.8,1.9,32921,61167.0,77348,0.790802606,5.4,0.087385483,0.284854246
26,Male,White,April,2015,Sylmar,CA,34.31029,-118.4531897,Los Angeles Police Department,Gunshot,Firearm,3202,7.7,6,77.9,22441,52344.0,55909,0.936235669,17.4,0.098980204,0.1793721969999999
48,Male,Black,March,2015,Putnam Hall,FL,29.743281,-81.963951,Putnam County Sheriff's Office,Gunshot,Firearm,6172,86.2,7.4,6.5,23926,36844.0,32497,1.133766194,18.2,0.176148796,0.15356292
33,Male,Hispanic/Latino,January,2015,El Paso,TX,31.857637800000003,-106.4396178,El Paso Police Department,Gunshot,Firearm,4160,6,3.4,89.9,13231,17388.0,40157,0.433000473,58.1,0.14461316,0.047239915
21,Male,Hispanic/Latino,April,2015,Corning,CA,39.9362717,-122.2013168,Tehama County Sheriff's Department,Gunshot,Knife,7886,56.6,1.2,35.9,19599,46320.0,41924,1.104856407,24.1,0.17323741,0.1179800719999999
41,Male,Black,March,2015,Roxbury,MA,42.3126099,-71.0899229,Boston Police Department,Gunshot,Firearm,4924,1.6,66.4,35.2,14995,20388.0,53540,0.380799402,41.3,0.22039801,0.1823361819999999
48,Male,Black,February,2015,Memphis,TN,35.0246391,-90.0544891,Memphis Police Department,Gunshot,Vehicle,4228,0.6,98.6,0,22968,37109.0,46250,0.802356757,18.9,0.218520333,0.140077821
36,Male,Black,May,2015,Huntsville,AL,34.6168404,-86.5641098,Huntsville Police Department,Gunshot,Knife,6018,89.9,4.3,1.4,34698,57935.0,58434,0.991460451,8.9,0.063658099,0.422256775
41,Male,Hispanic/Latino,February,2015,Clarkesville,GA,34.6314812,-83.5972519,Habersham County Sheriff's Office,Gunshot,Firearm,5601,93.7,0.6,5.1,22085,47196.0,39306,1.200732713,9.5,0.133676093,0.2681618719999999
29,Male,Black,May,2015,Lancaster,PA,40.0434474,-76.2999885,Lancaster Police Department,Gunshot,Knife,2742,42,12.3,37.1,21868,42027.0,56483,0.7440645859999999,9.3,0.206855081,0.172319475
27,Male,Black,March,2015,Chamblee,GA,33.8942184,-84.3032227,DeKalb County Sheriff's Department,Gunshot,No,3305,60.1,9.5,13.7,32142,57964.0,50856,1.139767186,18.6,0.170409511,0.565535024
45,Male,White,February,2015,Douglas,GA,31.5233612,-82.8451767,Douglas Police Department,Gunshot,Firearm,4838,65.1,23.7,6.3,21769,38988.0,35693,1.09231502,27.8,0.11037302,0.1727435739999999
32,Male,Hispanic/Latino,March,2015,Los Angeles,CA,34.0280075,-118.2735977,Los Angeles County Sheriff's Department,Gunshot,Firearm,2584,4.3,3.4,89.6,15373,27585.0,55909,0.493391046,37.4,0.123766135,0.1006756759999999
35,Male,Hispanic/Latino,February,2015,Pasco,WA,46.22851179999999,-119.1019287,Pasco Police Department,Gunshot,Firearm,6747,16.5,0.9,78.7,16558,28537.0,55177,0.517190134,35.9,0.131743119,0.057256583
36,Male,Black,January,2015,Strong,AR,33.111282300000006,-92.3590775,Union County Sheriff's Office,Gunshot,Firearm,3245,53.7,44.4,1.8,17853,32614.0,37435,0.8712167759999999,15.6,0.055732484,0.100468284
35,Male,Black,March,2015,Rome,GA,34.2185669,-85.3869934,Floyd County Sheriff's Office,Taser,Knife,4947,94.1,2.4,2.6,20248,40708.0,40821,0.997231817,20.5,0.150121065,0.192909897
40,Male,Hispanic/Latino,March,2015,Oklahoma City,OK,35.4262543,-97.5826111,Oklahoma City Police Department,Gunshot,Vehicle,5887,33.9,2.6,56.6,17225,32860.0,45215,0.726749972,25.1,0.142746615,0.035338785
18,Male,White,May,2015,St Petersburg,FL,27.820074100000003,-82.6588058,St Petersburg Police Department,Gunshot,Firearm,5004,83.9,4,5.5,26667,46233.0,45535,1.015328868,17.1,0.1154618469999999,0.205354678
34,Female,White,January,2015,Burlington,IA,40.8100281,-91.1185837,Burlington Police Department,Gunshot,Firearm,4465,72.1,14.5,6.8,15488,26964.0,42451,0.635179383,26.3,0.105963791,0.096564885
39,Male,Hispanic/Latino,March,2015,Santa Ana,CA,33.7431641,-117.867981,Santa Ana Police Department,Gunshot,Knife,8623,4.2,0.2,93.9,19978,47233.0,75422,0.626249635,20.6,0.123624444,0.06139805
21,Male,Hispanic/Latino,March,2015,Baytown,TX,29.7330154,-94.9706357,Baytown Police Department,Gunshot,Other,3013,3.3,11.7,84.7,18995,30804.0,53137,0.579709054,36.2,0.109816972,0.0226683939999999
62,Male,Black,March,2015,Atlanta,GA,33.7033899,-84.40805019999999,Atlanta Police Department,Struck by vehicle,No,3580,5.1,85.1,6.2,14256,17545.0,56857,0.308581177,41.4,0.23108747,0.129396985
43,Female,White,February,2015,Gastonia,NC,35.228649100000005,-81.1696243,Gastonia Police Department,Gunshot,Firearm,5876,59.9,31.7,2.9,18843,30408.0,42017,0.723707071,28.7,0.195510204,0.170362358
44,Male,White,May,2015,Albuquerque,NM,35.051790000000004,-106.6883397,Bernalillo County Sheriff's Department,Gunshot,Firearm,5203,15.8,0.3,81.5,21170,39651.0,48801,0.812503842,25.8,0.076500588,0.162601626
29,Male,White,April,2015,Bunch,OK,35.6848412,-94.7619019,Oklahoma Department of Wildlife Conservation,Gunshot,Firearm,4601,39.3,0.1,1.7,20901,35022.0,32556,1.075746406,19.1,0.042686101,0.139616613
35,Male,Black,March,2015,Washington,DC,38.8984573,-77.032015,Washington DC Metro Transit Police,Gunshot,Firearm,2664,60.6,7.8,10.5,86023,118194.0,65830,1.795442807,11.9,0.019665683,0.828070175
50,Male,White,February,2015,Palm Bay,FL,27.9906769,-80.64576720000001,Palm Bay Police Department,Gunshot,Knife,8874,57,17.7,19.8,22105,39535.0,48039,0.8229771640000001,14.1,0.080136986,0.175059952
18,Male,Black,March,2015,Cleveland,OH,41.52857589999999,-81.6090775,Cleveland Division of Police,Gunshot,Firearm,2182,0,98.9,0.1,14560,19643.0,43804,0.448429367,32.8,0.204280156,0.083226633
25,Male,White,April,2015,Victoria,TX,28.8776989,-97.00153509999998,Victoria Police Department,Gunshot,Firearm,6701,74.9,0.8,22.8,27813,59961.0,50364,1.190552776,10.2,0.0474079129999999,0.171770432
31,Male,White,March,2015,Middleton,ID,43.7041283,-116.5797195,Canyon County Sheriff's Office,Gunshot,Knife,9680,89,0,8.1,28125,58600.0,42105,1.391758698,9.5,0.095137421,0.226443265
29,Male,Black,May,2015,Los Angeles,CA,33.9877281,-118.4717178,Los Angeles Police Department,Gunshot,Firearm,2860,70.7,4.5,15.5,42931,60714.0,55909,1.085943229,13.2,0.12679524,0.662311147
49,Male,White,March,2015,Eugene,OR,44.0894276,-123.1812222,Eugene Police Department,Gunshot,Firearm,5057,79.7,1.4,14.5,20407,47795.0,42931,1.113298083,21.6,0.150479846,0.151658768
23,Male,Unknown,January,2015,South Gate,CA,33.9523485,-118.1889472,South Gate Police Department,Gunshot,Firearm,4179,2,1.1,96.6,18047,43750.0,55909,0.782521598,16.3,0.1257654259999999,0.015885947
45,Male,White,February,2015,Glenwood Springs,CO,39.56085220000001,-107.3613187,Garfield County Sheriff's Office,Gunshot,Knife,3880,69.7,0.1,28,35827,59051.0,57022,1.035582758,7.7,0.0445833329999999,0.380767739
26,Male,Black,January,2015,Los Angeles,CA,33.9208252,-118.2461601,Los Angeles County Sheriff's Department,Taser,Firearm,3078,1.9,47.3,45.9,17893,38690.0,55909,0.692017385,23.6,0.214183381,0.198357549
35,Male,White,January,2015,Assaria,KS,38.71123239999999,-97.5695687,Saline County Sheriff's Office,Gunshot,Knife,3770,94.9,0.6,3.2,31080,57244.0,47215,1.21241131,9.5,0.041356877,0.240897389
34,Male,White,February,2015,Colton,OR,45.1577606,-122.4377594,Clackamas County Sheriff's Office,Gunshot,Non-lethal firearm,4689,93.2,0.3,2.2,25130,58358.0,64352,0.906856042,5,0.110323438,0.165820137
46,Male,Asian/Pacific Islander,May,2015,Honolulu,HI,21.3106435,-157.86259840000002,US Marshals Service,Gunshot,No,1392,43,7.7,1,35788,62594.0,72764,0.860233082,14.4,0.055155875,0.510619469
29,Male,Black,March,2015,Elizabethtown,KY,37.734657,-85.88842700000001,Elizabethtown Police Department,Gunshot,Knife,10220,86.2,6.4,3.9,28556,58463.0,48687,1.200792819,8.6,0.053564237,0.214598953
39,Male,Black,February,2015,Coconut Creek,FL,26.256782,-80.167854,Coconut Creek Police Department,Taser,Firearm,4828,73.2,6,14.4,27031,39561.0,51251,0.77190689,7.8,0.0811504879999999,0.358902001
28,Male,Asian/Pacific Islander,March,2015,Stockton,CA,37.948280100000005,-121.2858499,Stockton Police Department and San Joaquin County Sheriff's Office,Gunshot,Knife,3568,12.2,18.9,48.3,11805,15212.0,53380,0.284975646,50.7,0.348008386,0.061581248
51,Male,Hispanic/Latino,April,2015,Bisbee,AZ,31.3995342,-109.9178085,Bisbee Police Department,Gunshot,Knife,3035,46,0.9,51.3,20428,36442.0,45755,0.796459403,25.8,0.103244838,0.211139241
67,Male,White,January,2015,Gunlock,KY,37.5631485,-82.9268265,Magoffin County Sheriff's Office and Kentucky State Police,Gunshot,Firearm,2422,95.9,0,0,12840,25139.0,26877,0.935335045,34.2,0.3126110119999999,0.035820896
53,Male,White,May,2015,St Augustine,FL,29.850338,-81.2775116,St Johns County Sheriff's Office,Gunshot,Firearm,5102,94.4,0.5,2.9,31274,59167.0,64876,0.912001356,10.6,0.099182004,0.520915354
25,Male,Black,May,2015,Detroit,MI,42.3859138,-83.18761440000002,Detroit Police Department,Gunshot,No,2560,0,98.4,1,14177,24539.0,41184,0.59583819,46.3,0.258064516,0.0655844159999999
30,Male,Black,March,2015,Cocoa,FL,28.35171,-80.74877099999999,Brevard County Sheriff's Office,Gunshot,Knife,2621,18.1,67.5,11.5,13805,21000.0,48039,0.43714482,47.4,0.1554447219999999,0.070175439
24,Male,Hispanic/Latino,April,2015,Houston,TX,29.9494667,-95.4163284,Houston Police Department,Gunshot,No,4049,6.5,31.8,58.6,16689,24072.0,53137,0.453017671,40.9,0.062886598,0.078923358
35,Male,White,February,2015,Marysville,CA,39.1221504,-121.56549840000002,Yuba County Sheriff's Office,Taser,Firearm,2367,40.7,1.4,35.8,14746,28837.0,44902,0.642220836,32.2,0.214501511,0.106990014
43,Male,Black,March,2015,Los Angeles,CA,34.043777500000004,-118.243721,Los Angeles Police Department,Gunshot,Vehicle,5222,18,54.9,23,8206,10290.0,55909,0.18404908,79.2,0.4395904439999999,0.060441941
24,Male,White,February,2015,Peltzer,SC,34.6285944,-82.3912225,Greenville County Sheriff's Office,Gunshot,Firearm,5304,71.5,20.2,3.9,22409,42159.0,49022,0.860001632,14.4,0.095290859,0.198029891
29,Male,White,January,2015,Morenci,AZ,33.0515518,-109.3249283,Clifton Police Department and Greenlee County Sheriff's Office,Gunshot,Firearm,3357,41,1.7,53.4,37579,60670.0,47992,1.264169028,10.9,0.107042254,0.146116241
38,Male,Black,May,2015,Owensboro,KY,37.7242317,-87.1226807,Owensboro Police Department and Kentucky State Police,Gunshot,Firearm,3548,88.7,3,1.7,33294,70638.0,46555,1.517302116,10.9,0.032068063,0.388998035
31,Male,White,April,2015,Jonesboro,AR,35.8342552,-90.7173691,Jonesboro Police Department,Gunshot,No,3886,67.2,21.7,10,22080,43259.0,41393,1.045080086,18.2,0.092469018,0.2139431939999999
36,Male,White,March,2015,Portland,OR,45.5057439,-122.5299,Portland Police Department,Gunshot,Other,7687,61.8,6.4,15.4,21049,35978.0,52511,0.685151683,31,0.138262782,0.130825139
23,Male,White,March,2015,Port Wentworth,GA,32.1656761,-81.1842117,Port Wentworth Police Department,Gunshot,Firearm,18168,52.5,36.5,4.4,37721,68136.0,45794,1.4878805080000002,12.2,0.0503834809999999,0.479000583
38,Male,White,April,2015,Winchester,VA,39.1907845,-78.128479,Frederick County Sheriff's Office,Gunshot,Firearm,6987,78.2,5.4,14.2,21845,47714.0,68424,0.697328423,11.6,0.103721571,0.195180723
53,Male,White,March,2015,Follansbee,WV,40.3233614,-80.59515329999999,West Virginia State Police,Gunshot,No,3292,94.9,3.7,0.3,23583,37026.0,42493,0.871343515,14.4,0.13483871,0.167398946
24,Male,White,February,2015,Provo,UT,40.2463989,-111.6674271,Provo Police Department,Gunshot,Knife,6457,62.7,0.3,28.3,14816,41866.0,60196,0.695494717,20.5,0.071107364,0.25940902
26,Male,White,January,2015,Rosenberg,TX,29.5576077,-95.7844925,Rosenburg Police Department,Gunshot,Firearm,10229,32.9,15,48.3,22235,53831.0,85297,0.631100742,19.4,0.0680765359999999,0.113879004
28,Male,Black,February,2015,Columbia,MO,38.9464501,-92.2934712,Boone County Sheriff's Department,Gunshot,Firearm,4377,82.8,4.9,5.3,21264,36649.0,48627,0.7536759409999999,36.2,0.034616881,0.674125874
34,Female,White,February,2015,Moultrie,GA,31.088287800000003,-83.6398052,Worth County Sheriff's Office,Gunshot,Knife,3520,63.6,7.7,21.4,21667,54871.0,32484,1.6891700530000002,14.8,0.140276302,0.200720072
28,Male,Black,May,2015,Jacksonville,FL,30.2145387,-81.7372566,Jacksonville Police Department,Gunshot,Firearm,11284,31.8,51,12,22472,40071.0,48323,0.829232457,20,0.149261335,0.202439778
40,Male,Black,May,2015,Silver Spring,MD,39.0841484,-76.9422684,Montgomery County Police Department,Taser,Firearm,3121,3.8,81.2,6.1,25799,42097.0,98221,0.4285947,19.9,0.159026599,0.3804905879999999
51,Male,Black,May,2015,New York,NY,40.657256200000006,-73.8886551,New York Police Department,Gunshot,No,4941,1.5,83.1,15.6,21344,34545.0,46085,0.749593143,20.1,0.106880138,0.109860116
44,Male,White,April,2015,Sidney,NE,41.121974,-102.982879,Sidney Police Department,Gunshot,Firearm,4293,87.8,0,10.3,30465,51033.0,51529,0.990374352,16.5,0.025311025,0.268360599
25,Male,Hispanic/Latino,January,2015,Fort Worth,TX,32.810365000000004,-97.342555,Fort Worth Police Department,Gunshot,Firearm,4917,8.5,0.4,89.6,19146,32245.0,56853,0.567164442,21.5,0.144497608,0.013547237
56,Male,White,February,2015,Marana,AZ,32.3580589,-111.0924911,Marana Police Department,Gunshot,Knife,8205,69.3,2.8,17.8,38593,69616.0,45841,1.5186405180000002,3,0.0791044779999999,0.423807081
37,Male,Hispanic/Latino,April,2015,Lakewood,WA,47.1592102,-122.4849472,Lakewood Police Department,Gunshot,Firearm,3531,51.6,11,18.4,21626,38688.0,59204,0.65346936,18,0.131736527,0.1420302759999999
58,Male,White,April,2015,Clermont,FL,28.5670815,-81.8123245,Lake County Sheriff's Office,Gunshot,Firearm,11794,62.5,15.8,15.9,24749,54905.0,45035,1.219162873,9.4,0.12539185,0.201200343
39,Male,White,February,2015,Omaha,NE,41.2427938,-95.9331281,Omaha Police Department,Gunshot,Firearm,2314,55.5,6.4,36,16218,32948.0,53325,0.617871542,30.5,0.093378608,0.10933759
37,Male,Hispanic/Latino,February,2015,San Manuel,AZ,32.6101336,-110.6317321,Pinal County Sheriff's Office,Gunshot,No,3887,49.2,0.1,49.8,22833,40984.0,50027,0.819237612,15.7,0.188067445,0.16084788
35,Male,Black,April,2015,Union,NJ,40.7107079,-74.2532176,New Jersey State Police,Gunshot,Knife,4904,23.7,54.6,7,39122,62029.0,68507,0.90544032,10.9,0.1,0.392834891
26,Male,Black,January,2015,Baltimore,MD,39.2844658,-76.6468658,Baltimore Police Department,Gunshot,Firearm,1625,17.4,75.7,0,11157,21433.0,41385,0.517892956,51,0.309882747,0.0141176469999999
47,Male,Black,March,2015,Oklahoma City,OK,35.4057617,-97.524292,Oklahoma City Police Department,Taser,Firearm,1812,43.6,4.9,36,22857,32886.0,45215,0.727325003,33.4,0.203271028,0.081980519
31,Male,Black,April,2015,Hagerstown,MD,39.6494503,-77.72063320000001,Hagerstown Police Department,Taser,Firearm,1970,41.5,52.6,3.1,12109,16007.0,55609,0.287849089,46.7,0.3487773489999999,0.091324201
60,Male,White,May,2015,Lancaster,SC,34.7966959,-80.79732879999999,Lancaster County Sheriff's Department,Gunshot,No,5787,65.4,32.1,1.5,22385,41675.0,42217,0.98716157,18.4,0.148903424,0.162518302
32,Male,Black,April,2015,Rock Island,IL,41.4996099,-90.5816397,Rock Island Police Department,Gunshot,No,2023,40.4,44,10.4,20610,37215.0,48702,0.764136996,26.9,0.166843783,0.207425343
45,Male,White,January,2015,Rexburg,ID,43.8255653,-111.7787094,Rexburg Police Department,Gunshot,Non-lethal firearm,3481,88.9,0.1,6.4,10987,19672.0,32059,0.613618641,42.4,0.091570649,0.26719057
42,Male,Hispanic/Latino,February,2015,Lakeland,FL,28.1034451,-81.9506454,Lakeland Police Department,Gunshot,Firearm,5059,75.3,13.7,10.5,21474,39108.0,43113,0.907104586,14.3,0.155357805,0.258240183
17,Male,White,May,2015,Grand Junction,CO,39.0733903,-108.5559598,Grand Junction Police Department,Gunshot,Firearm,2291,74,1.3,20.3,21109,30484.0,49471,0.61619939,25.7,0.079276773,0.2618888139999999
22,Male,Hispanic/Latino,May,2015,El Paso,TX,31.9034023,-106.4228592,El Paso Police Department,Gunshot,Firearm,3864,20.4,9.8,70.7,18438,31963.0,40157,0.795950893,26.2,0.131071191,0.132780083
33,Male,Hispanic/Latino,January,2015,Wasco,CA,35.5890732,-119.3347549,Kern County Sheriff's Office,Gunshot,Firearm,4934,5.7,6.1,88.5,12741,23692.0,48552,0.487971659,50.6,0.151145038,0.026600166
18,Male,White,May,2015,Wake Forest,NC,35.9575348,-78.527153,Wake Forest Police Department,Gunshot,No,5100,88.2,8.5,1.4,30061,57174.0,66006,0.8661939820000001,8.5,0.038598999,0.5266233770000001
39,Male,White,April,2015,Rockwood,MI,42.0951881,-83.2008743,Gibraltar Police Department,Taser,Firearm,4596,94.1,3.2,1.5,29488,67636.0,41184,1.642288267,11.2,0.145936982,0.212507778
59,Male,White,February,2015,Hanover,PA,39.7720299,-76.96617890000002,Hummelstown Police Department,Gunshot,Firearm,4487,92.2,2.9,5.9,30491,65581.0,58745,1.11636735,7.4,0.034010601,0.267043669
33,Male,White,April,2015,Muskogee County,OK,35.755008700000005,-95.4025574,Warner Police Department,Taser,Firearm,4745,44.7,25,1.9,18370,28836.0,38502,0.748948107,34.7,0.11886697,0.202991453
58,Male,White,April,2015,Mansfield,OH,40.7386665,-82.51563259999999,Mansfield Police Department,Gunshot,Firearm,2991,94.3,3.9,1.1,24348,37992.0,41835,0.908139118,8.7,0.037341299,0.141363636
58,Male,White,May,2015,Constantania,NY,43.265415,-76.005973,Oswego County Sheriff's Department,Gunshot,No,4968,95.7,0,2,23883,49360.0,48051,1.027241889,12.9,0.158176944,0.1470763719999999
47,Male,White,March,2015,Tallulah,LA,32.3727417,-91.1993637,Louisiana State Troopers,Struck by vehicle,Firearm,3403,51.3,47.8,0.9,15373,21803.0,25498,0.855086673,43.1,0.192203083,0.123522459
41,Male,White,March,2015,Branford,CT,41.2693481,-72.8428955,Branford Police Department,Taser,Other,4066,76.8,2.1,8.8,41609,64063.0,61996,1.033340861,8.3,0.0716803759999999,0.3823337679999999
64,Male,White,February,2015,Los Angeles,CA,34.0021591,-118.4123077,Los Angeles Police Department,Struck by vehicle,Firearm,4225,22.5,1.8,64.6,21130,55458.0,55909,0.99193332,7.3,0.068592058,0.285611251
45,Male,White,April,2015,Garden Grove,CA,33.7610283,-117.953743,Fountain Valley Police Department,Gunshot,Firearm,4791,9.5,0,33.9,19598,56818.0,75422,0.7533345709999999,24.3,0.11815301,0.1656260269999999
53,Female,White,March,2015,Gardner,KS,38.816658,-94.9135437,Gardner Police Department,Gunshot,Firearm,4643,87.1,1.8,3.4,33869,67702.0,74717,0.906112397,6.3,0.035865793,0.283661878
24,Male,White,March,2015,Dublin,NC,34.6425728,-78.74167170000001,Bladen County Sheriff's Office and Bladenboro Police Department,Gunshot,Knife,6056,54.9,22,19.1,16983,25690.0,30164,0.851677496,26.7,0.116172169,0.12675
48,Male,Black,May,2015,Harvey,LA,29.8598535,-90.0722601,Jefferson Parish Sheriff's Office,Gunshot,Firearm,4232,10.8,86.4,2.6,23944,42083.0,48261,0.871987733,38.3,0.057540884,0.14025974
29,Male,Black,January,2015,Lauderhill,FL,26.1503577,-80.2101228,Lauderhill Police Department,Gunshot,No,6074,3.2,94.4,5,20254,29884.0,51251,0.583091062,26.9,0.160730056,0.182923381
40,Male,Hispanic/Latino,May,2015,New York,NY,40.864620200000005,-73.8924332,New York Police Department,Death in custody,Firearm,5169,0.9,19.5,71.9,15656,26509.0,34388,0.770879377,36.7,0.176021554,0.1023241769999999
34,Male,White,May,2015,San Diego,CA,32.801961199999994,-117.154332,San Diego Police Department,Gunshot,Vehicle,5029,47.3,6.7,29,26928,66542.0,62962,1.056859693,10.8,0.0563821459999999,0.385287202
21,Male,Black,March,2015,Bay Shore,NY,40.7399445,-73.2372284,Suffolk County Police Department,Gunshot,Firearm,8222,28.9,22.8,39.6,30784,72218.0,87763,0.822875244,4.4,0.1093683759999999,0.240339473
26,Male,White,March,2015,Deltona,FL,28.8863035,-81.25322390000001,Volusia County Sheriff's Office,Gunshot,Unknown,3536,52.2,5.1,41.5,19921,43413.0,42457,1.022516899,17.4,0.102382486,0.056138934
45,Male,Black,February,2015,Dallas,TX,32.6565955,-96.7502993,Dallas Police Department,Gunshot,Firearm,4044,0.4,84.8,14,14256,23931.0,49481,0.483640185,40.1,0.172051696,0.029108327
25,Male,Black,April,2015,Harvey,LA,29.876817100000004,-90.04898990000001,Jefferson Parish Sheriff's Office,Gunshot,Firearm,3085,19,46.1,28.8,18257,25950.0,48261,0.5377012489999999,39.4,0.018193225,0.1089708309999999
17,Male,White,March,2015,Roxand Township,MI,42.7556214,-84.8926637,Eaton County Sheriff's Office,Gunshot,Non-lethal firearm,3751,96.1,0.1,3.1,32088,67756.0,54115,1.252074286,8.5,0.0904255319999999,0.168076923
24,Male,Black,March,2015,Santa Clara,CA,37.3612938,-121.959137,Santa Clara Police Department,Gunshot,Other,6461,23.6,3,49.1,26846,62664.0,91702,0.683343875,9.1,0.107110979,0.348542762
42,Male,Black,January,2015,Scottsdale,AZ,33.50943,-111.9087198,Scottsdale Police Department,Gunshot,Knife,4542,86.8,0.3,10.5,36099,52038.0,53596,0.970930666,10,0.024411135,0.505309505
29,Male,Black,February,2015,Antioch,CA,37.9996185,-121.8187332,Contra Costa Sheriff's Office,Gunshot,Firearm,5072,37.5,5,54.3,22193,45512.0,78756,0.577886129,20.7,0.175749894,0.048747913
42,Male,Black,April,2015,Valdosta,GA,30.8424794,-83.33286190000001,Lowndes County Sheriff's Office,Gunshot,Knife,2156,54.9,42.7,0.6,19031,34083.0,37365,0.91216379,19.3,0.1110029209999999,0.197846568
30,Male,Black,March,2015,Culpeper,VA,38.4843175,-77.9793973,Culpeper Police Department,Taser,Firearm,6106,55,22.1,14.9,28490,46382.0,64423,0.7199602629999999,14.8,0.0509487,0.176186645
29,Male,Black,April,2015,Monon,IN,40.8749496,-86.8776412,"Indiana State Police, Tippecanoe County Sheriff's Department",Gunshot,Firearm,2733,76.2,0,19.9,21858,40959.0,51444,0.7961861440000001,21.8,0.0872586869999999,0.10559723
39,Male,Black,April,2015,Albany,NY,42.6610199,-73.7579497,City of Albany Police Department,Taser,Firearm,5335,9.3,81.6,13.5,14520,20665.0,59394,0.347930767,44.5,0.125672372,0.138646288
63,Male,White,April,2015,Metropolis,IL,37.1760399,-88.6766698,Metropolis Police Department,Gunshot,Non-lethal firearm,3721,83.5,9,1.1,25135,51518.0,43615,1.181199129,11.3,0.1043478259999999,0.105422829
49,Male,White,March,2015,Lucedale,MS,30.8003197,-88.6320801,George County Sheriff's Department,Gunshot,Firearm,6604,94.3,4.7,0.1,21837,36319.0,43958,0.826220483,22.9,0.105180534,0.0957899719999999
41,Male,Black,April,2015,Spartanburg,SC,34.9038367,-81.9115352,Spartanburg Police Department,Gunshot,Firearm,3700,70.6,24.1,1.5,19755,35453.0,42919,0.8260444090000001,26,0.131529264,0.1718487389999999
27,Male,Black,January,2015,Indianapolis,IN,39.8262703,-85.99104969999999,Indianapolis Metropolitan Police Department,Gunshot,Other,7499,21.5,53,20.9,20623,36070.0,42334,0.852033826,28.9,0.121461408,0.142857143
30,Male,White,February,2015,Tewksbury,MA,42.6146317,-71.28314209999999,Tewksbury Police Department,Gunshot,No,5994,91.1,2.1,3.4,51071,102399.0,82090,1.247399196,1.8,0.058623619,0.41799308
60,Male,White,April,2015,San Antonio,TX,29.4894164,-98.42767109999998,San Antonio Police Department,Gunshot,Knife,8023,25.2,17.5,53.5,21342,35099.0,50112,0.7004110790000001,15.4,0.09619801,0.117877423
77,Male,Black,March,2015,Birmingham,AL,33.563751200000006,-86.7238083,Birmingham Police Department,Gunshot,No,3708,22.2,77.8,1.5,13968,23977.0,45429,0.5277906179999999,37.5,0.145048815,0.088550247
19,Male,Unknown,May,2015,Cottonwood,AZ,34.6895294,-111.9851837,Yavapai County SheriffÌ_Ì_åÈs Office,Gunshot,No,5206,65,0.9,30.3,16415,36818.0,42987,0.856491497,21.7,0.216194332,0.1395207759999999
37,Male,Hispanic/Latino,March,2015,Ontario,CA,34.050080200000004,-117.6546599,Ontario Police Department,Gunshot,Firearm,5950,15.6,5.8,66,24026,61989.0,54090,1.146034387,7.6,0.160571809,0.163655685
54,Male,Black,January,2015,Randallstown,MD,39.3798716,-76.82020899999999,Baltimore County Police Department,Gunshot,Firearm,3070,11.3,86.4,0,37922,54274.0,66486,0.816322233,10.1,0.067278287,0.345549738
29,Male,Hispanic/Latino,April,2015,Hemet,CA,33.7439798,-116.95425,Riverside County Sheriff's Department and California Highway Patrol,Gunshot,Firearm,2886,48.3,8.1,38.4,17632,32708.0,56529,0.578605671,32,0.216848674,0.08590604
30,Male,Black,May,2015,Garland,TX,32.9599406,-96.6389561,Garland Police Department,Gunshot,No,4775,34.7,16.3,14.6,31009,49973.0,49481,1.009943211,9.2,0.092148913,0.3156389069999999
24,Male,Hispanic/Latino,May,2015,Hackensack,NJ,40.9011307,-74.040863,Hackensack Police Department,Gunshot,Knife,6844,43,18.6,23.5,35008,51051.0,83794,0.609244099,11.1,0.032626816,0.34819491
21,Male,White,March,2015,Cottonwood,AZ,34.713047,-112.0006409,Cottonwood Police Department,Gunshot,Firearm,5206,65,0.9,30.3,16415,36818.0,42987,0.856491497,21.7,0.216194332,0.1395207759999999
44,Male,Black,April,2015,Tulsa,OK,36.1497383,-95.9933319,Tulsa County Sheriff's Office,Gunshot,Firearm,3300,52.2,23.8,10.1,16953,34432.0,48181,0.71463855,26.7,0.080686695,0.4087743729999999
40,Male,White,May,2015,Eagar,AZ,34.11333870000001,-109.2914933,Eagar Police Department and Apache County Sheriff's Office,Gunshot,Firearm,5269,68.6,0,23.6,20644,47821.0,31476,1.519284534,16.3,0.059301769,0.097701149
32,Male,White,April,2015,Shawnee,OK,35.333079999999995,-97.0646703,Pottawatomie County Sheriff's Office,Gunshot,Knife,4681,84.1,0.3,3.8,31930,60759.0,42764,1.420797867,18,0.053372149,0.170479474
22,Male,Hispanic/Latino,April,2015,El Paso,TX,31.7398815,-106.3106995,El Paso Police Department,Gunshot,Knife,5921,7.9,2.1,83.7,27255,58026.0,40157,1.44497846,17.8,0.05323741,0.243867655
43,Male,White,April,2015,Phoenix,AZ,33.4802603,-112.0388203,Phoenix Police Department,Gunshot,Firearm,3082,20.6,5.9,71.2,19343,27066.0,53596,0.505000373,39.9,0.12,0.13821938
52,Male,Hispanic/Latino,April,2015,Pomona,CA,34.0511284,-117.720726,San Bernardino County Sheriff's Office,Gunshot,Knife,7528,12.6,3.5,77,22177,46944.0,54090,0.867886855,23.2,0.135651629,0.084254483
27,Male,Hispanic/Latino,February,2015,Santa Ana,CA,33.7470254,-117.8777748,Santa Ana Police Department,Gunshot,No,9699,0.5,0.2,96.3,16620,41611.0,75422,0.55170905,25.7,0.065989848,0.0307017539999999
34,Male,White,April,2015,Edgewood,NM,35.055629700000004,-106.1947021,New Mexico State Police,Gunshot,Vehicle,4356,67.9,0,27.1,27273,49308.0,52917,0.931798855,12.5,0.078817734,0.27692788
20,Male,White,March,2015,Onalaska,TX,30.706146,-94.930023,Onalaska Police Department,Gunshot,No,6613,84.7,4.4,7.5,26675,39113.0,37855,1.03323207,16.3,0.133622126,0.103164283
25,Male,Black,March,2015,Salisbury,MD,38.3791997,-75.60712020000001,Maryland State Police,Gunshot,Firearm,6493,11.1,75.1,11.3,18976,30844.0,51092,0.603695295,23.4,0.206338726,0.0939839919999999
24,Male,Black,April,2015,New York,NY,40.5887968,-73.9643034,New York Police Department,Gunshot,Knife,4074,63.1,0.5,6.5,37028,63159.0,46085,1.3704893130000002,11,0.082673703,0.448705012
20,Male,Unknown,May,2015,Long Beach,CA,33.785408000000004,-118.1393127,Long Beach Police Department,Gunshot,Firearm,4863,46.4,6.1,24.4,31776,65912.0,55909,1.178915738,11.3,0.086558761,0.4428055389999999
46,Male,White,February,2015,Dadeville,AL,32.864521,-85.7209778,Tallapoosa County Sheriff's Department,Gunshot,Firearm,4720,66.2,30.9,0.1,18363,36694.0,39130,0.937745975,20.1,0.0781631659999999,0.15942482
42,Male,White,February,2015,Apple Valley,CA,34.4155171,-117.17689540000002,San Bernardino County Sheriff's Department,Gunshot,Firearm,4284,70.2,1.3,23.3,23716,49844.0,54090,0.921501202,23.6,0.086389961,0.141213064
43,Male,White,February,2015,Las Vegas,NV,36.2421112,-115.05694579999998,Las Vegas Metro Police (Swat),Gunshot,Firearm,4726,39.3,27.1,22.1,23444,35924.0,52873,0.6794394109999999,19.9,0.1638981169999999,0.2177203919999999
41,Male,Black,April,2015,Houston,TX,29.806377,-95.1731886,Harris County Sheriff's Office,Gunshot,No,4412,21.2,19,57.8,30261,81172.0,53137,1.527598472,14.6,0.0814249359999999,0.168716372
59,Male,White,March,2015,Kansas City,MO,38.9474373,-94.4866943,US Marshals Service,Gunshot,No,4411,34.2,57.3,1.1,25030,46007.0,47015,0.978560034,14.1,0.138454667,0.1618111619999999
25,Male,Black,April,2015,Baltimore,MD,39.3079703,-76.6448703,Baltimore Police Department,Death in custody,Firearm,3544,0.1,99.4,0,14227,21083.0,41385,0.5094357860000001,39.1,0.254367575,0.0367924529999999
42,Male,White,April,2015,San Diego,CA,32.7543667,-117.2051807,San Diego Police Department,Gunshot,Firearm,2674,56.7,9.1,24,23467,31495.0,62962,0.500222356,23,0.090163934,0.362808843
64,Male,White,March,2015,Tallahassee,FL,30.4609642,-84.2794113,Tallahassee Police Department,Gunshot,Firearm,1911,66.2,28.5,3.8,21261,28859.0,46369,0.622377019,36.6,0.091334895,0.358885017
22,Male,White,January,2015,Chatham,MA,41.6848183,-69.96642299999999,Chatham Police Department,Struck by vehicle,Unknown,3396,90,9.3,0,31641,67059.0,60526,1.107937085,7.7,0.0967952909999999,0.5278201220000001
24,Male,White,May,2015,Edmond,OK,35.6332283,-97.4577179,Edmond Police Department,Gunshot,Knife,5383,86.9,0.7,2.9,41377,104388.0,45215,2.308702864,1.3,0.049786629,0.596791444
63,Male,White,April,2015,Miami,OK,36.8973899,-94.8865503,Oklahoma Highway Patrol,Gunshot,No,2650,69.1,0.8,2.6,18397,34336.0,36473,0.941408713,20.4,0.086882453,0.117714286
56,Male,White,March,2015,Encinitas,CA,33.0497403,-117.24153,San Diego County Sheriff's Department,Gunshot,No,4040,80.6,0.6,10.5,40529,96094.0,62962,1.526222166,7.5,0.057553957,0.540820096
60,Male,White,March,2015,Harmony,IN,39.5332565,-87.07441709999999,Clay County Sheriff's Department,Gunshot,No,6460,96.3,0.3,0.2,22384,42348.0,46430,0.912082705,20.1,0.075280112,0.131186929
54,Male,White,March,2015,Bay Minette,AL,30.8661098,-87.880188,Baldwin County Sheriff's Office,Gunshot,Firearm,6971,82.8,15,0.4,23683,48173.0,50221,0.959220247,8.3,0.073079325,0.2511003519999999
37,Male,Black,February,2015,Oklahoma City,OK,35.4976883,-97.5500717,Oklahoma City Police Department,Gunshot,No,5823,57.8,7.4,20.3,20405,29338.0,45215,0.6488554679999999,31.3,0.04467354,0.294754572
22,Male,White,April,2015,Navarre,FL,30.4130363,-86.83489229999999,Santa Rosa County Sheriff's Office,Gunshot,Firearm,12351,74.2,10.8,9.1,27745,60186.0,57703,1.043030692,15.8,0.108825481,0.237702807
39,Male,White,March,2015,Crown Point,IN,41.4479828,-87.37110899999999,Lake County Sheriff's Department,Taser,Firearm,7338,61.4,24.2,10.7,36727,65074.0,49035,1.327092893,8.8,0.086255656,0.307383628
45,Male,White,April,2015,Panama City,FL,30.1703529,-85.70083620000001,Panama City Police Department,Gunshot,Knife,4239,84.3,4.6,6,21693,36273.0,47461,0.7642696109999999,19.2,0.114788437,0.158741259
57,Male,White,May,2015,Eatonton,GA,33.343499800000004,-83.2064702,Putnam County Sheriff's Department,Gunshot,No,3422,89,8.6,1.9,20760,44902.0,44764,1.003082834,6.6,0.066384181,0.085993241
42,Male,White,March,2015,Fort Ashby,WV,39.481971,-78.812003,West Virginia State Police,Gunshot,Firearm,3255,99.6,0.2,0,26643,40541.0,31163,1.3009338,13.3,0.0931876609999999,0.160032167
41,Male,Black,January,2015,Columbus,OH,39.997512,-82.890052,Columbus Police Department,Gunshot,Firearm,0,-,-,-,-,,50877,,-,,
19,Male,Hispanic/Latino,April,2015,Long Beach,CA,33.780946,-118.1735922,Long Beach Police Department,Gunshot,No,4424,4,9.5,68.2,17223,30398.0,55909,0.543704949,42,0.1713344319999999,0.039807524
26,Male,Black,February,2015,Oklahoma City,OK,35.40306470000001,-97.5325623,Oklahoma City Police Department,Gunshot,Knife,3754,33.1,3,52.5,14932,25357.0,45215,0.560809466,37.4,0.12745682,0.068254695
34,Male,White,February,2015,Iuka,MS,34.804702899999995,-88.202415,Iuka Police Department,Gunshot,No,6466,97.3,0.8,0.3,18243,30857.0,32592,0.946766078,16.1,0.096869245,0.1255793419999999
69,Male,White,January,2015,Stanford,KY,37.51334,-84.59906009999999,Stanford Police Department,Struck by vehicle,No,2143,94.2,3.4,1.1,16615,17917.0,33651,0.532435886,45.4,0.205128205,0.103820598
64,Female,Asian/Pacific Islander,March,2015,Hackensack,NJ,40.8674316,-74.03771970000001,Bergen County Prosecutor's Department,Struck by vehicle,No,3358,44.1,18.9,32.7,27432,50625.0,83794,0.604160202,19.4,0.100585418,0.168669131
35,Male,Asian/Pacific Islander,February,2015,Houston,TX,29.704109000000003,-95.621871,Harris County Attorney's Department,Gunshot,No,7538,4.6,35.9,35.9,21306,41786.0,53137,0.78638237,28.3,0.1047120419999999,0.22823219
40,Male,Black,February,2015,Tarboro,NC,35.9069519,-77.5407562,Tarboro Police Department and Edgecombe Sheriff's Office,Gunshot,No,2929,33.2,62.2,2.8,20836,30588.0,33960,0.900706714,24.6,0.195104392,0.149602386
19,Male,Black,January,2015,St Louis,MO,38.6609879,-90.2338638,St Louis Metropolitan Police Department,Gunshot,Firearm,1325,0.2,99.8,0,14048,18828.0,34582,0.544445087,37.6,0.507614213,0.029233871
27,Male,Hispanic/Latino,April,2015,Alton,IL,38.8918839,-90.1335983,Alton Police Department,Gunshot,No,2665,86.2,9.8,1,18727,24946.0,53633,0.465124084,31.2,0.203891051,0.092969204
37,Male,Hispanic/Latino,February,2015,Orlando,FL,28.4995747,-81.3055038,Orlando Police Department,Gunshot,Firearm,2537,16,10.6,72.4,17433,29410.0,47581,0.618103865,30.7,0.153279786,0.1713722919999999
17,Male,White,February,2015,Bay City,MI,43.5996857,-83.8729324,Bay City Police Department,Gunshot,Knife,1404,69.6,6.6,19.9,14504,19097.0,45376,0.4208612479999999,40,0.260663507,0.1012987009999999
39,Male,Black,March,2015,Fort Pierce,FL,27.448650399999995,-80.3266068,Saint Lucie County Sheriff's Office,Gunshot,Firearm,732,56.7,34.3,7.1,11338,11378.0,43413,0.262087393,54.2,0.305194805,0.095599393
74,Male,Black,February,2015,Gastonia,NC,35.2658062,-81.2271642,Gastonia Police Department,Gunshot,Firearm,4049,33.3,43.7,22.3,15489,28696.0,42017,0.682961658,33.7,0.19297235,0.045287638
42,Male,White,January,2015,Salt Lake City,UT,40.7716665,-111.8714082,Salt Lake City Police Department,Gunshot,Firearm,3745,87.2,0.1,5,30391,44638.0,60555,0.737148047,18.3,0.03653323,0.638549618
47,Male,White,June,2015,Palestine,TX,31.774197,-95.6519569,Palestine Police Department,Gunshot,No,4447,42,27.1,29.9,18238,31815.0,40653,0.78259907,34.8,0.097790055,0.162665563
43,Male,White,May,2015,Charleston,SC,32.8577843,-80.07765959999999,North Charleston Police Department,Gunshot,Knife,8668,85.5,11,0.7,38810,80891.0,50792,1.592593322,4,0.092042385,0.495871946
46,Male,White,March,2015,Craig,CO,40.5144005,-107.4890213,Moffat County Sheriff's Office and Colorado Parks and Wildlife Law Enforcement,Gunshot,No,2892,94.4,0,4.2,39179,74510.0,53231,1.399748267,7.7,0.041666667,0.207537688
44,Male,White,March,2015,Clarendon,NY,43.1940384,-78.065712,Orleans County Sheriff's Office,Gunshot,Firearm,4696,96.5,0.7,1.6,30489,57747.0,48502,1.190610696,9.5,0.09765625,0.16256457
31,Male,White,March,2015,Memphis,TN,35.1571117,-90.00006640000001,Memphis Police Department,Gunshot,Other,3636,36.5,57.6,0.3,22255,40721.0,46250,0.8804540540000001,15.4,0.1393910559999999,0.324362111
47,Male,White,May,2015,Green Ridge,MO,38.6578484,-93.5117188,Pettis County Sheriff's Office,Gunshot,Firearm,4911,96.8,0.2,0.8,24705,49649.0,47223,1.051373271,16.4,0.0656779659999999,0.138937031
41,Male,Hispanic/Latino,March,2015,Napa,CA,38.306118,-122.2744522,Napa Police Department,Gunshot,Firearm,3524,73.8,2.5,17.7,41719,90271.0,70443,1.281475803,8.6,0.066012002,0.4823619629999999
43,Male,White,March,2015,Tulsa,OK,36.0787522,-95.9580338,Tulsa Police Department,Struck by vehicle,Vehicle,2712,63.2,21.4,4.7,20213,31169.0,48181,0.646914759,21.1,0.119248218,0.319685039
40,Male,Unknown,May,2015,Medford,OR,42.311009000000006,-122.8316269,Medford Police Department,Gunshot,Non-lethal firearm,5737,89.6,0,4.1,22947,40781.0,44005,0.926735598,20.2,0.187595323,0.378757515
32,Male,Black,May,2015,Northglenn,CO,39.8945198,-104.9772263,Northglenn Police Department,Gunshot,Firearm,6851,62.2,1.6,28.7,30906,55442.0,56270,0.985285232,12.4,0.08035982,0.106167401
31,Male,Black,March,2015,Baton Rouge,LA,30.5366734,-91.1694337,US Marshals Service,Gunshot,Vehicle,1862,5.4,93.1,1.3,10219,21964.0,48506,0.452809962,48.4,0.27734375,0.1207729469999999
20,Male,White,March,2015,Sumas,WA,49.0000114,-122.2853775,US Border Patrol,Gunshot,Firearm,8196,79.4,0.3,17.1,22021,55432.0,51939,1.067251969,17.4,0.12704918,0.15408805
20,Female,Black,February,2015,Charlotte,NC,35.2506218,-80.8187485,Charlotte-Mecklenburg Police Department,Gunshot,Firearm,2986,8.4,88,5.8,11184,18457.0,55444,0.332894452,68.2,0.4223214289999999,0.079066753
33,Male,White,April,2015,Ocala,FL,29.3102512,-82.1930542,Ocala Police Department,Gunshot,No,7471,70.9,19.6,7.1,19808,45125.0,39453,1.143766,14.1,0.108317215,0.200268817
22,Male,Black,April,2015,New Orleans,LA,30.0135784,-89.98853299999999,New Orleans Police Department,Gunshot,Other,678,9.9,68.6,20.6,18029,20556.0,37146,0.553383944,57.1,0.20361991,0.087719298
41,Male,White,February,2015,Rudioso,NM,33.3267975,-105.6342545,New Mexico State Police and US Marshals Service,Gunshot,No,6941,58.6,0,40.4,18975,38893.0,43014,0.904193983,17.6,0.061612903,0.199338135
41,Male,Black,May,2015,Ridgefield Park,NJ,40.86306,-74.0112915,New Jersey State Police,Struck by vehicle,No,8810,35.3,19.7,29.2,37476,93091.0,83794,1.110950665,9.3,0.066434996,0.4871709429999999
32,Male,White,April,2015,Salemburg,NC,35.0643602,-78.4907397,Sampson County Sheriff's Office,Gunshot,Knife,5938,62.5,27.2,8.4,19868,33796.0,36496,0.92601929,17.2,0.089311334,0.111002445
16,Male,White,February,2015,Essex,MD,39.2983478,-76.44016140000001,Baltimore County Police Department,Gunshot,Firearm,5437,38,53,3.2,25865,38879.0,66486,0.584769726,11.3,0.115929459,0.136934307
29,Male,Black,March,2015,Modesto,CA,37.6910477,-120.9706879,Ceres Police Department,Gunshot,Knife,4296,72.5,1.2,19.3,28397,53097.0,49297,1.077083798,11.6,0.092623405,0.276122083
42,Male,White,March,2015,Columbus,OH,40.059024,-82.997337,Columbus Division of Police,Gunshot,Unknown,2993,62.8,32.1,1.9,22750,42642.0,50877,0.8381390409999999,13.4,0.063731932,0.2437258689999999
29,Male,Black,May,2015,Fort Lauderdale,FL,26.1071098,-80.18284009999999,Fort Lauderdale Police Department,Gunshot,Unknown,8033,14,60,26.6,19032,43496.0,51251,0.848685879,28.1,0.11313083,0.164427727
47,Male,White,March,2015,Bakersfield,CA,35.376175,-119.0144849,Bakersfield Police Department,Gunshot,Firearm,1354,28.7,17.7,48.7,12297,18942.0,48552,0.390138408,46.2,0.132231405,0.066834805
53,Male,Black,April,2015,Emporia,VA,36.6105907,-77.50138879999999,Greensville County Sheriff's Office and Virginia State Police,Gunshot,Other,4523,39.3,59.4,0,19423,40214.0,39697,1.0130236540000002,25.7,0.105973025,0.061827957
18,Male,Black,April,2015,Chicago,IL,41.7607203,-87.57245999999999,Chicago Police Department,Gunshot,No,1781,1,95,0.7,26314,34771.0,54548,0.637438586,24.9,0.191593353,0.28164794
47,Male,White,March,2015,Williamsburg,KY,36.7391205,-84.1332397,Whitley County Sheriff's Department and Kentucky State Police,Death in custody,Firearm,6740,99.4,0.2,0,15289,27582.0,29769,0.926534314,33.2,0.096566524,0.142857143
34,Male,White,January,2015,Draper,UT,40.539855200000005,-111.8872467,West Valley City Police Department and Draper Police Police Department,Gunshot,No,4748,83.3,2.2,8.7,30625,68125.0,60555,1.125010321,7.7,0.018841912,0.3285714289999999
36,Male,White,May,2015,Conyers,GA,33.5961237,-84.0463328,Rockdale County Sheriff's office,Gunshot,Firearm,6084,56.8,34,4.4,29063,54146.0,52579,1.029802773,8.1,0.140740741,0.225638353
63,Male,White,March,2015,Waikoloa Village,HI,19.915194,-155.83175400000002,Hawaii Police Department,Struck by vehicle,Firearm,7883,51.1,0.4,6.1,36696,70159.0,51250,1.3689560980000002,7.3,0.110093792,0.313166605
36,Male,White,March,2015,Tampa Bay,FL,28.102209100000003,-82.4886322,Tampa Bay Police Department [US Marshals Service Task Force],Gunshot,No,6993,64.1,8.1,24.7,35194,77275.0,49596,1.5580893619999998,7.9,0.063364345,0.4249208029999999
27,Male,Black,March,2015,Johnsonville,SC,33.8190804,-79.4618912,Johnsonville Police Department and Florence County Sheriff's Department (Swat),Gunshot,Firearm,6384,59.9,34,2,17493,32639.0,41910,0.778787879,24.1,0.151768733,0.109768379
28,Male,Black,February,2015,Tallahassee,FL,30.4664764,-84.32925420000001,Tallahassee Police Department,Gunshot,Vehicle,4498,56.5,35.1,2.9,19218,38658.0,46369,0.833703552,32.6,0.133175195,0.38185567
33,Male,Black,January,2015,Columbus,OH,39.879382,-82.9963372,"Columbus Police Department, Ohio State Highway Patrol",Gunshot,No,4419,71,21,3.6,16616,33370.0,50877,0.6558955910000001,26,0.145665323,0.06088993
32,Male,Black,May,2015,Charleston,SC,32.779574100000005,-79.9380436,South Carolina State Law Enforcement Division,Gunshot,No,2875,85.7,9.4,2.7,37967,63750.0,50792,1.255118916,16.6,0.044805195,0.779063361
42,Male,White,February,2015,Allentown,PA,40.632019,-75.4338379,Catasauqua Police Department,Gunshot,Knife,3436,60.3,8.8,25.7,26001,46027.0,54923,0.8380277840000001,11.3,0.072277228,0.19303675
31,Male,White,April,2015,Gettysburg,PA,39.85769439999999,-77.1596814,Pennsylvania State Police,Gunshot,Firearm,4923,87.3,1.2,9.2,27355,60940.0,59492,1.024339407,13.9,0.030340815,0.224592221
17,Female,Hispanic/Latino,January,2015,Denver,CO,39.7534,-104.9093599,Denver Police Department,Gunshot,Firearm,4293,38.8,43.2,13.7,32602,54261.0,50313,1.078468785,11.8,0.096314908,0.441001565
28,Female,Unknown,February,2015,Tuscon ,AZ,34.292964899999994,-111.6646957,Tucson Police Department,Gunshot,Firearm,6202,87.4,0,10.4,20860,37292.0,42987,0.867518087,20.9,0.151329243,0.080025472
24,Male,White,May,2015,Bossier City,LA,32.5170212,-93.7078476,FBI,Gunshot,Firearm,4302,50.9,31.2,7.9,20396,33898.0,53248,0.63660607,26.4,0.082046758,0.1667907669999999
71,Male,Unknown,January,2015,England,AR,34.542649100000006,-91.9658922,England Police Department,Gunshot,Firearm,2979,67.9,29.8,1.3,18750,31458.0,52582,0.598265566,32.9,0.137774413,0.1324647119999999
51,Male,Black,February,2015,Waco,TX,31.593082,-97.108858,Waco Police Department,Gunshot,No,5506,40.2,12.6,44.2,21988,33320.0,41922,0.794809408,36.1,0.140606992,0.058467131
28,Male,Hispanic/Latino,February,2015,Phoenix,AZ,33.378193800000005,-111.978452,"Tempe, Chandler and Mesa Police Departments [US Marshals Service Task Force]",Gunshot,Other,4579,30.6,11.5,44.4,23243,35524.0,53596,0.6628106579999999,39.7,0.149219467,0.244320298
53,Male,White,April,2015,Nashville,TN,36.0540047,-86.7787399,Nashville Metropolitan Police Department,Gunshot,Firearm,3307,97.1,0.5,0.9,48922,135625.0,47335,2.865216014,1.1,0.021902017,0.7551103840000001
54,Male,White,March,2015,Boulder City,NV,35.9727325,-114.8414688,Boulder City Police Department,Gunshot,No,3042,90,0,6.7,23940,45979.0,52873,0.8696120890000001,13.6,0.1169554459999999,0.1204234669999999
45,Male,White,January,2015,Robinsonville,MS,34.8307787,-90.32121,Mississippi Gaming Commission,Gunshot,Firearm,5683,20.6,74.2,2.2,22681,32899.0,31446,1.046206195,31.4,0.091877986,0.174675128
33,Male,White,May,2015,Sarasota,FL,27.3431099,-82.53862020000001,Sarasota Police Department,Unknown,Other,3522,90.5,5.1,2.2,27385,50852.0,49052,1.036695751,15.2,0.114509804,0.497148004
48,Male,White,January,2015,Billings,MT,45.789441,-108.5132285,Billings Police Department,Gunshot,Firearm,3238,75.4,1.6,6.5,24076,38365.0,51342,0.747243972,21.6,0.1705546919999999,0.368347987
34,Male,White,January,2015,Albuquerque,NM,35.0946403,-106.5861697,Albuquerque Police Department,Gunshot,Firearm,3404,63.9,3.7,26.6,34326,54855.0,48801,1.124054835,7.3,0.050728277,0.507961165
23,Male,Hispanic/Latino,January,2015,Wichita,KS,37.6939376,-97.2804936,Wichita Police Department,Gunshot,Knife,4020,45,34.2,15.7,22016,36701.0,49865,0.7360072190000001,24.1,0.106899903,0.2067307689999999
35,Male,White,February,2015,Calimesa,CA,33.9951673,-117.0581017,Riverside County Sheriff's Department,Gunshot,Firearm,5651,71.2,0,23.6,23378,43460.0,56529,0.76880893,16,0.119515253,0.148913897
33,Male,Hispanic/Latino,February,2015,Anchorage,AK,61.2075577,-149.8582001,Anchorage Police Department,Gunshot,Knife,2619,50.4,11.7,10.2,32902,51445.0,77454,0.664200687,18.4,0.096503497,0.355088496
32,Male,White,January,2015,Maricopa,AZ,33.0835686,-112.0429306,Maricopa Police Department,Gunshot,Firearm,2732,59.2,1.4,24.3,45333,83438.0,50027,1.667859356,7.1,0.067204301,0.427527406
52,Male,White,May,2015,Green,OH,40.9656982,-81.42943570000001,Summit County Sheriff's Office,Gunshot,Firearm,5977,89.3,4.9,0.5,32466,63477.0,49669,1.278000362,15.3,0.0853168469999999,0.347386588
30,Male,White,April,2015,New York,NY,40.7098999,-73.7943573,New York Police Department,Gunshot,No,6081,1.5,16.6,36.3,16670,25894.0,57001,0.454272732,42,0.086378738,0.234789009
23,Male,White,February,2015,San Bernadino,CA,34.164711,-117.3321762,San Bernardino Police Department,Gunshot,Firearm,6230,32.9,18.3,39.2,26030,52656.0,54090,0.97348863,15,0.102047449,0.1695442969999999
35,Male,White,May,2015,Cabot,AR,34.967532500000004,-92.0081317,Lonoke County Sheriff's Office and Arkansas Department of Community Correction,Gunshot,Knife,4227,79.9,4.4,10.4,22158,47051.0,52582,0.894811913,22.6,0.07388664,0.207895842
42,Male,Black,March,2015,Arlington,TX,32.7282829,-97.1045675,Arlington Police Department,Death in custody,No,5947,41.5,9.1,37.7,14765,25625.0,56853,0.450723796,36.4,0.106456044,0.390316206
37,Male,White,February,2015,Port St Joe,FL,29.812402,-85.30191500000001,Port St Joe Police Department,Gunshot,No,3660,67.9,30,0.1,20769,38176.0,40455,0.943665802,16,0.129227053,0.169018933
56,Male,Hispanic/Latino,January,2015,Levelland,TX,33.5913373,-102.3692241,Levelland Police Department,Gunshot,No,4966,24.3,4.9,67.2,15511,31952.0,50565,0.631899535,29.3,0.087265136,0.050646175
36,Male,Hispanic/Latino,January,2015,Fairfield,CA,38.2652893,-121.9976044,Fairfield Police Department,Gunshot,Disputed,4759,34.1,24.5,26,28062,45833.0,67177,0.6822722059999999,23.5,0.1601472619999999,0.144635049
27,Male,Hispanic/Latino,April,2015,Delano,CA,35.7697792,-119.3015518,California Department of Corrections and Rehabilitation,Gunshot,Firearm,13987,5.1,2.7,80,15480,48561.0,48552,1.000185368,20.1,0.151374509,0.084873066
30,Male,White,February,2015,Green Bay,WI,44.5266283,-88.05789159999999,Green Bay Police Department,Gunshot,Firearm,4716,76.9,8.5,4,23633,33835.0,53119,0.636966057,13.6,0.08816521,0.213095586
31,Male,White,January,2015,Rosemont,IL,41.9897374,-87.87591040000001,Rosemont Police Department,Gunshot,Firearm,2680,79.9,3.8,10.3,27172,46048.0,54548,0.844173939,11.5,0.095054592,0.131664853
46,Male,White,February,2015,Orlando,FL,28.4805509,-81.3283666,Orange County Sheriff's Office,Gunshot,Firearm,3748,29.6,13.1,56,17213,30069.0,47581,0.631953931,35.2,0.1275460719999999,0.146364057
51,Male,White,April,2015,Rufe,OK,34.1277084,-95.156517,Choctaw County Sheriff's Office and Hugo Police Department,Gunshot,Firearm,2808,76.4,1.7,3.5,19316,32661.0,30201,1.081454256,21.5,0.159594096,0.145865434
72,Male,Unknown,May,2015,Lawrenceville,GA,33.933414500000005,-84.0869064,Gwinnett County Sheriff's Department,Gunshot,Firearm,7956,14.9,24.9,34.2,24332,60631.0,60445,1.003077178,14.1,0.099892819,0.247864986
28,Male,White,April,2015,Highland,CA,34.1207352,-117.198616,Highland Police Department,Death in custody,Knife,3859,31.8,9.3,48.6,22628,50645.0,54090,0.936309854,11.8,0.176044568,0.064474254
63,Male,White,March,2015,Glendale,AZ,33.5838023,-112.2006413,Glendale Police Department,Gunshot,Firearm,6257,63.1,9.4,18.8,30661,55133.0,53596,1.028677513,13,0.05121876,0.245041426
28,Male,White,April,2015,Sunnyvale,CA,37.4033102,-121.9956697,Sunnyvale Police Department,Gunshot,Firearm,5153,27.6,0.7,26.2,30908,80962.0,91702,0.882881507,6.6,0.120577121,0.350638761
33,Male,Hispanic/Latino,April,2015,Mesa,AZ,33.3896023,-111.8006046,Mesa Police Department,Gunshot,Knife,5442,52.8,1.8,41.3,22995,52661.0,53596,0.982554668,13.4,0.118041583,0.198295641
24,Male,Hispanic/Latino,January,2015,Tahoka,TX,33.1661153,-101.6661762,Lynn County Sheriff's Office,Gunshot,Knife,1363,46.9,1,51.7,22734,36912.0,44375,0.831819718,26,0.043478261,0.1170731709999999
27,Male,White,April,2015,Marion,IL,37.730811200000005,-88.9412637,"Marion Police Department, Illinois State Police and Williamson County Sheriff's Department",Gunshot,Firearm,4792,82.7,8.9,3.2,19474,32313.0,43125,0.749286957,22.4,0.085856304,0.247985121
24,Male,Native American,March,2015,Lukachukai,AZ,36.4117088,-109.25,Navajo Police Department,Gunshot,Firearm,5808,4.3,0.3,2.7,13130,24637.0,31476,0.782723345,48.9,0.262736536,0.102930128
28,Male,White,March,2015,St Paul,MN,44.9535713,-93.0245514,St Paul Police Department,Gunshot,Firearm,4264,37.7,22.7,10.9,23280,47525.0,54247,0.8760853129999999,18.1,0.106712565,0.161686451
28,Male,White,May,2015,St Augustine,FL,29.9727812,-81.4809528,St Johns County Sheriff's Office,Gunshot,Firearm,26826,79.1,4.6,9.2,40021,90191.0,64876,1.390205931,4.6,0.0545358009999999,0.458288579
17,Male,Black,April,2015,Zion,IL,42.4539375,-87.8439407,Zion Police Department,Gunshot,Firearm,3111,26.6,40.7,26.2,21955,47723.0,77469,0.616027056,19.1,0.2732634339999999,0.101003764
46,Female,White,April,2015,Sebastopol,CA,38.3767128,-122.79187009999998,Sonoma County Sheriff's Office,Gunshot,Vehicle,4082,83.3,1.5,10.9,33918,68926.0,63356,1.0879159040000002,6.6,0.065811966,0.4001979539999999
52,Male,Black,April,2015,Fallsburg,NY,41.7404167,-74.5979552,New York Department of Corrections and Community Supervision,Death in custody,Firearm,3535,45.7,21.4,28.2,19136,58859.0,48089,1.223959741,9.1,0.0594142259999999,0.172615185
39,Male,Black,January,2015,Aurora,CO,39.72816470000001,-104.8446426,Aurora Police Department,Gunshot,Vehicle,3219,37.7,17.2,42.1,25279,48169.0,60651,0.794199601,20.3,0.1340882,0.263902439
49,Female,White,March,2015,Peoria ,AZ,33.5812721,-112.2033386,Glendale Police Department,Gunshot,Non-lethal firearm,3803,38.6,9.1,52.8,23974,34219.0,53596,0.638461826,17.6,0.104332953,0.100755668
30,Male,Black,May,2015,Fort Worth,TX,32.660629300000004,-97.3954849,Fort Worth Police Department,Gunshot,No,5863,61.9,20.5,18.4,29893,63646.0,56853,1.11948358,6,0.039571006,0.368676546
51,Male,White,April,2015,Phoenix,AZ,33.6546099,-112.1431998,Phoenix Police Department,Gunshot,No,3817,75.3,3.5,14.3,23250,55233.0,53596,1.030543324,13,0.107897153,0.190435887
16,Male,Black,March,2015,Jacksonville,FL,30.3778403,-81.6836172,Jacksonville Sheriff's Office,Gunshot,Firearm,4294,5.2,93.6,0.7,14754,23880.0,48323,0.494174617,36.4,0.2320410489999999,0.105285592
18,Male,White,January,2015,Guthrie,OK,35.8801193,-97.4228592,Oklahoma State Police,Gunshot,Non-lethal firearm,3014,68,17.4,6.4,16463,41901.0,53591,0.7818663579999999,33.3,0.1057692309999999,0.105675147
22,Male,Hispanic/Latino,January,2015,Chandler,AZ,33.326980600000006,-111.8252487,Chandler Police Department,Gunshot,No,4378,60.2,4,30.3,32211,53346.0,53596,0.995335473,8.5,0.069218871,0.269216758
40,Male,Black,May,2015,Carrollton,GA,33.5906563,-85.04890440000001,Carrolton Police Department,Gunshot,Firearm,8081,67.6,26.3,4.3,25418,43517.0,46147,0.943008213,17,0.136045259,0.17954453
61,Male,White,February,2015,Smyrna,ME,46.1598784,-68.1000068,Maine State Troopers and Aroostook County Sheriff's Department,Gunshot,Knife,3045,97.2,0.3,0.6,18760,40288.0,37855,1.064271563,17.9,0.115207373,0.144492132
52,Male,White,May,2015,Smyrna,DE,39.2800324,-75.6028052,Smyrna Police Department,Gunshot,Firearm,13561,64.4,24.6,5.2,34176,66998.0,55149,1.2148543040000002,6.4,0.063839559,0.241391224
51,Male,White,February,2015,Indianapolis,IN,39.7927158,-85.9919228,Indianapolis Metropolitan Police Department,Gunshot,Firearm,6142,61.8,29.3,6,25226,43110.0,42334,1.01833042,15.1,0.1256332319999999,0.090463918
36,Male,Black,May,2015,Lyndhurst,NJ,40.8121343,-74.12464449999999,Lyndhurst Police Department,Gunshot,Firearm,4702,75.3,1.1,17.3,36305,67109.0,83794,0.8008807309999999,4.5,0.0968009969999999,0.294627383
36,Male,White,May,2015,Roosevelt,UT,40.3023154,-109.9969961,Roosevelt Police Department,Gunshot,No,7753,79.9,0,10.8,31491,60957.0,57683,1.05675849,12.4,0.03559965,0.199397288
59,Male,White,April,2015,Columbia,SC,34.0728226,-81.19963840000001,Lexington County Sheriff's Office,Gunshot,No,3276,71,17.6,2.7,41145,82104.0,54061,1.518728843,14.5,0.100581395,0.4702072539999999
17,Female,White,January,2015,Longview,TX,32.49541,-94.746094,Longview Police Department,Gunshot,Firearm,4045,44.8,34.1,19.7,14332,26458.0,45525,0.581175178,27.4,0.13706706,0.174307036
18,Male,White,May,2015,Trenton,MI,42.1408048,-83.21597790000001,Trenton Police Department,Gunshot,No,3088,92.3,1.3,5.7,26583,60795.0,41184,1.47618007,6,0.091408935,0.2362240289999999
41,Male,White,February,2015,Nocona,TX,33.78727,-97.7127638,Nocona Police Department,Gunshot,Other,1683,90.5,0.6,7.6,23750,45500.0,44231,1.028690285,10.3,0.075596817,0.140482128
33,Male,Native American,January,2015,Anchorage,AK,61.218408,-149.858016,Anchorage Corrections Department,Death in custody,Knife,5733,25.5,11.1,13.6,20075,41268.0,77454,0.532806569,20.2,0.129310345,0.076845638
25,Male,Black,February,2015,Miami Gardens,FL,25.9503192,-80.20742249999999,Miami Gardens Police Department,Gunshot,Firearm,4945,5.9,83,9.5,26067,52453.0,43100,1.2170069609999998,8.2,0.116955017,0.16485773
23,Male,Black,February,2015,St Louis,MO,38.5800999,-90.2375297,St Louis Metropolitan Police Department,Gunshot,No,3641,28.5,59.4,6.1,17693,33095.0,34582,0.957000752,38.7,0.201671309,0.10056391
47,Male,Black,January,2015,Pittsburgh,PA,40.413045,-79.991463,"US Marshals Service, Pennsylvania State Police, Allegheny County Sheriff's Office",Gunshot,Firearm,4667,34.5,59.4,1.4,18978,32625.0,51366,0.635147763,30.5,0.102179837,0.083578792
58,Male,White,March,2015,Penrose,NC,35.2702599,-82.6380997,"North Carolina Alcohol Law Enforcement, Transylvania County Sheriff's Office, Homeland Security",Gunshot,Firearm,5006,91.8,5.1,1.5,19645,36583.0,41781,0.875589383,14.8,0.095274683,0.1530328319999999
47,Male,White,January,2015,Aloha,OR,45.4866905,-122.8912506,Washington County Sheriff's Office,Gunshot,No,4978,69.3,0,19.8,29959,56020.0,64180,0.872857588,8.8,0.135547919,0.174886536
34,Male,Black,May,2015,Landover,MD,38.9048424,-76.8766708,Prince George's County Sheriff's Office,Gunshot,Firearm,3715,1.6,92.7,5.1,35089,84028.0,73623,1.141328118,3.5,0.120465116,0.20610687
28,Male,White,January,2015,Huntley,MT,45.8630638,-108.3131864,Yellowstone County Sheriff's Office,Gunshot,Firearm,7864,87.5,0.1,3.3,28125,68949.0,51342,1.342935608,9.5,0.049460432,0.300439399
37,Male,Black,May,2015,Spokane,WA,47.7065501,-117.40327990000002,Spokane Police Department,Death in custody,No,4502,75.4,8.6,4.9,17901,32143.0,49233,0.652875104,24.4,0.0999490059999999,0.110704111
87,Male,White,January,2015,Catskill,NY,42.262431,-73.9357393,New York State Troopers,Struck by vehicle,Firearm,3947,91,0.6,0.8,27077,52165.0,49655,1.050548787,6.5,0.133264463,0.160841534
39,Male,Asian/Pacific Islander,April,2015,Boulder,CO,39.93863270000001,-105.25706940000002,Boulder County Sheriff's Office,Gunshot,Firearm,4630,92.7,0.1,1.6,54036,111464.0,67956,1.640237801,7.7,0.051483733,0.824971165
27,Male,Hispanic/Latino,April,2015,Elk Grove,CA,38.36859129999999,-121.4939194,California Department of Fish and Wildlife,Gunshot,Knife,4192,44.7,0,41.7,28730,60833.0,55064,1.104768996,14.7,0.164906988,0.176865936
35,Male,Hispanic/Latino,April,2015,Los Angeles,CA,34.0717621,-118.2049866,Los Angeles Police Department,Gunshot,Firearm,4371,2.4,2,72,12376,23075.0,55909,0.4127242479999999,50.6,0.157422081,0.126103405
36,Male,Black,April,2015,Indianapolis,IN,39.8115999,-86.1025699,Indianapolis Metropolitan Police Department,Gunshot,Vehicle,1471,1.4,87.2,4.5,20072,25677.0,42334,0.606533755,38.2,0.2248201439999999,0.085378869
24,Male,Black,January,2015,St Paul,MN,44.9580421,-93.0942535,St Paul Police Department,Gunshot,Vehicle,2391,18.9,42.3,5.4,11425,18156.0,54247,0.334691319,48.9,0.223255814,0.177067083
26,Male,Black,May,2015,Omaha,NE,41.3234673,-95.9593735,Omaha Police Department,Gunshot,No,4283,56.4,31.8,4.4,22537,38359.0,53325,0.719343647,18.7,0.095988539,0.190532081
34,Male,Black,January,2015,Chesapeake,VA,36.781304,-76.347865,Chesapeake City Police Department,Gunshot,Firearm,7340,19.2,75.3,4.8,26119,50664.0,69743,0.726438496,10.8,0.09905795,0.188659579
51,Male,White,April,2015,Columbia,MO,38.9484698,-92.3255698,Columbia Police Department and University of Missouri Police,Gunshot,Other,2917,69.4,4.4,3.5,5457,10931.0,48627,0.224792811,69.4,0.0283185839999999,0.5790067720000001
49,Male,White,April,2015,Salemburg,OR,44.913921,-122.996177,Salem Police Department,Gunshot,Firearm,4083,62,0.4,31.7,17474,31863.0,46885,0.6795990190000001,33.8,0.238070806,0.112681913
41,Male,White,May,2015,Rockford,IL,42.2503929,-89.0685043,Rockford Police Department,Gunshot,Firearm,5199,49.7,16.5,26.3,15542,26032.0,47072,0.553025153,39.1,0.19002079,0.0264037429999999
54,Male,White,April,2015,Kellyville,OK,35.9593201,-96.2797198,Creek County Sheriff's Department and Bristow Police Department,Gunshot,No,3954,80.7,0.7,1.4,24858,45615.0,43026,1.060172919,8.9,0.098895582,0.085796683
36,Male,Black,February,2015,Memphis,TN,35.1648337,-89.9334182,Shelby County Sheriff's Department [US Marshals Service Task Force],Gunshot,Firearm,6876,39.8,7,50.1,19029,32162.0,46250,0.695394595,34.3,0.112596554,0.040115301
26,Male,Black,May,2015,Fort Lauderdale,FL,26.1292725,-80.1778488,Broward Sheriff's Office,Unknown,Firearm,3441,5.8,92.8,2.5,13143,22712.0,51251,0.443152329,51.4,0.294452347,0.077979132
35,Male,Asian/Pacific Islander,January,2015,Stockton,CA,38.02911,-121.3156891,Stockton Police Department,Gunshot,Firearm,3140,32.8,7.8,35.5,17026,41385.0,53380,0.775290371,29.1,0.2355021219999999,0.101457097
22,Male,Black,January,2015,Savannah,GA,32.0666924,-81.1678772,Chatham County Sheriff's Office,Death in custody,Other,5502,47.5,28.2,22.6,25190,33545.0,45794,0.7325195440000001,30.1,0.119607843,0.202453988
27,Male,White,February,2015,Huntingdon,TN,35.9514389,-88.57345579999999,Carroll County Sheriff's Office,Gunshot,Other,4517,88.5,9.9,0.7,19400,32522.0,35049,0.927900939,18.1,0.140121439,0.088607595
42,Male,White,May,2015,Sacramento,CA,38.55151370000001,-121.4342575,Sacramento Police Department,Gunshot,Firearm,5372,62.1,7.1,15.5,30332,48188.0,55064,0.875127125,31.1,0.107025846,0.475305216
32,Male,White,January,2015,San Francisco,CA,37.7628479,-122.4220047,San Francisco Police Department,Gunshot,Other,5731,73.5,0.9,11.8,64657,115750.0,75604,1.531003651,8.6,0.050441655,0.7940698620000001
32,Male,White,February,2015,Eaton Rapids Township,MI,42.5121727,-84.7003385,Eaton County Sheriff's Office,Gunshot,Other,3021,94.7,0.9,3.4,33875,71417.0,54115,1.319726508,3.3,0.069385271,0.238783649
25,Male,White,March,2015,Tempe,AZ,33.4402203,-111.93081979999998,Tempe Police Department,Gunshot,Firearm,2485,71.7,2.3,9.8,25839,44097.0,53596,0.8227666240000001,20.5,0.059773829,0.5180493979999999
26,Female,Black,March,2015,Oxnard,CA,34.227813700000006,-119.1828842,Oxnard Police Department,Gunshot,No,3172,16.1,2.6,70.9,29511,65552.0,76544,0.856396321,8.9,0.086549063,0.318350079
53,Male,White,May,2015,Chavies,KY,37.3803482,-83.2437286,Kentucky State Police,Gunshot,No,2911,97.2,1.3,0,21506,36782.0,33528,1.097053209,18.7,0.0883928569999999,0.153225806
26,Male,White,February,2015,Boise,ID,43.5789295,-116.2223222,Boise Police Department,Gunshot,Knife,5726,74.9,2.3,12,20296,33611.0,55210,0.60878464,29.6,0.1177973319999999,0.228324505
40,Male,White,April,2015,Wilmore,KY,37.8669354,-84.66087859999999,Wilmore Police Department,Gunshot,Non-lethal firearm,8064,90,1.8,2.3,17696,50265.0,49024,1.025314132,15.4,0.0538532959999999,0.493210587
55,Male,White,May,2015,Enfield,NC,36.1811831,-77.66698170000001,Enfield Police Department,Taser,Firearm,5329,9.7,89.1,0,13939,29256.0,32329,0.904946024,31.5,0.251207729,0.08121547
29,Male,White,January,2015,Robertsville,MO,38.3187816,-90.7944026,St Louis County Police Department,Gunshot,No,7585,97.1,1.1,0.3,27917,55279.0,48857,1.131444829,12,0.138111888,0.11350548
31,Male,White,February,2015,Springfield,MO,37.2242855,-93.3193785,Springfield Police Department,Gunshot,No,2816,93.4,2,1.3,13929,26613.0,40337,0.6597664679999999,26.5,0.166007905,0.105626851
19,Male,White,January,2015,Kaumakani,HI,21.9338608,-159.64270019999998,Kauai Police Department,Struck by vehicle,Knife,4189,15,0.4,11.1,30533,72000.0,62052,1.160317153,5.4,0.045591398,0.182048498
57,Male,Unknown,April,2015,Lake Isabella,CA,35.6425591,-118.4136963,Kern County Sheriff's Office,Taser,Firearm,4466,87.2,0.2,3.6,18472,30119.0,48552,0.620345197,28.2,0.108664773,0.155529618
40,Male,White,May,2015,Somerset,PA,40.035759000000006,-79.0743942,Pennsylvania State Police,Gunshot,Knife,6530,77.2,17.8,3.7,20297,42346.0,43597,0.971305365,11.2,0.110402355,0.1640178
35,Male,White,March,2015,Claymount,DE,39.81792539999999,-75.45635240000001,Delaware State Police,Gunshot,Firearm,4480,40.1,45.6,3.1,30723,36519.0,64537,0.5658614439999999,15.5,0.137201979,0.271408351
35,Male,White,May,2015,Beacon,NY,41.517724,-73.979344,Beacon Police Department,Gunshot,Firearm,4865,65.6,11.1,19.8,23011,49318.0,72525,0.680013788,12.6,0.151676206,0.292464115
39,Male,Hispanic/Latino,January,2015,Evans,CO,40.3840446,-104.6920242,Evans Police Department,Gunshot,Firearm,4129,33.3,0.7,61.8,18022,27500.0,57180,0.480937391,42.7,0.121156494,0.062254902
37,Male,White,February,2015,Powder Springs,GA,33.9112854,-84.69478609999999,Cobb County Sheriff's Office,Gunshot,No,5456,78,15.7,2.6,49269,96625.0,63920,1.511655194,3,0.050305914,0.4316384179999999
36,Male,Hispanic/Latino,January,2015,Roma,TX,26.5522499,-99.1332092,US Border Patrol,Gunshot,Firearm,2377,3.2,0,96.8,14457,26346.0,24927,1.056926225,33.1,0.063807531,0.1067251459999999
62,Male,White,May,2015,Snohomish,WA,47.8377751,-122.0135761,Snohomish County Sheriff's Office,Gunshot,Knife,5169,58.2,9.8,24.8,11405,41000.0,68381,0.599581755,19.1,0.11381323,0.143147897
43,Female,Black,March,2015,Anaheim,CA,33.820074700000006,-117.941376,Anaheim Police Department,Gunshot,Firearm,5062,23.3,0.9,68,21008,45353.0,75422,0.601323221,11.2,0.1199829209999999,0.105032823
32,Male,White,March,2015,Vancouver,WA,45.6310601,-122.678255,Clark County Sheriff's Department,Death in custody,Knife,2150,79,4.1,9.4,15892,28281.0,58225,0.485719193,27.4,0.133171913,0.294513956
34,Male,Asian/Pacific Islander,May,2015,Garland,TX,32.9599406,-96.6389561,Garland Police Department,Gunshot,Vehicle,4775,34.7,16.3,14.6,31009,49973.0,49481,1.009943211,9.2,0.092148913,0.3156389069999999
37,Male,Black,March,2015,Aurora,CO,39.7354916,-104.7992847,Aurora Police Department,Gunshot,No,6415,26.2,24,41,21082,38293.0,60651,0.6313663420000001,23.9,0.172646427,0.114899926
37,Female,Black,February,2015,Fairfax,VA,38.843990000000005,-77.311132,Fairfax County Sheriff's Office,Taser,No,7408,58.6,17.8,7.9,5688,138750.0,110292,1.258024154,5.6,0.016203704,0.7169069459999999
33,Male,White,January,2015,Ville Platte,LA,30.751305,-92.437994,Evangeline Parish Sheriff's Office,Gunshot,Knife,1977,95.9,2,0,21831,43056.0,31832,1.352601156,18.5,0.02987013,0.122131148
35,Male,White,May,2015,Mounds,OK,35.84183,-95.8906098,Oklahoma Highway Patrol,Gunshot,No,6888,73.5,5.6,4.5,25231,44573.0,39156,1.13834406,14.1,0.08040201,0.125871172
40,Male,White,March,2015,Webster,MA,42.0585899,-71.8781281,Webster Police Department,Gunshot,No,3776,83.3,2.2,6.6,21131,35507.0,65223,0.544393849,16.7,0.134320175,0.158213475
21,Male,Black,May,2015,Cerritos,CA,33.8749829,-118.0503535,Los Angeles County Sheriff's Department,Gunshot,Firearm,5931,14.5,4.5,7.9,42774,101818.0,55909,1.821137921,1.5,0.056978002,0.556167665
30,Male,White,January,2015,Des Moines,IA,41.581039700000005,-93.609646,Des Moines Police Department,Gunshot,Firearm,3687,49.7,13.6,32.2,16071,29375.0,59018,0.497729506,31.3,0.127948113,0.042051282
23,Male,Black,March,2015,Atlanta,GA,33.86441,-84.477958,Smyrna Police Department,Gunshot,Knife,3574,37,45.7,10.6,45795,53891.0,63920,0.8431007509999999,6.9,0.033260234,0.543604651
26,Male,Native American,January,2015,Phoenix,AZ,33.4962463,-112.1153488,Phoenix Police Department,Gunshot,No,4829,16.3,12,55.4,16012,17699.0,53596,0.330229868,57.1,0.206933333,0.035050676
39,Female,White,May,2015,Gillette,WY,44.3019303,-105.44993970000002,Campbell County Sheriff's Office,Gunshot,Firearm,8988,94.4,0.9,3.1,42519,76732.0,79488,0.9653281,8.7,0.04654387,0.2122885739999999
33,Male,Black,April,2015,San Antonio,TX,29.5922401,-98.4028975,San Antonio Police Department,Taser,Vehicle,4542,46.4,5.3,43.2,40693,71272.0,50112,1.422254151,5.2,0.047184774,0.355059417
34,Female,Black,May,2015,Ridgefield Park,NJ,40.86306,-74.0112915,New Jersey State Police,Struck by vehicle,Firearm,8810,35.3,19.7,29.2,37476,93091.0,83794,1.110950665,9.3,0.066434996,0.4871709429999999
37,Male,Black,January,2015,New Orleans,LA,29.9412498,-90.0852399,New Orleans Police Department,Gunshot,Firearm,1345,2.1,84.2,5.4,9353,15293.0,37146,0.411699779,54.6,0.324444444,0.039319872
26,Male,Hispanic/Latino,January,2015,Pueblo,CO,38.2854206,-104.573478,Pueblo Police Department,Gunshot,Firearm,5747,42.6,3.2,52.9,22057,34987.0,41777,0.837470378,22.1,0.171932403,0.211460151
24,Male,Hispanic/Latino,January,2015,Los Angeles,CA,34.0383897,-118.2327244,Los Angeles Police Department,Gunshot,No,3040,41.8,8.7,8.8,39531,67542.0,55909,1.208070257,25.5,0.103303862,0.560435572
25,Male,White,January,2015,Stockton,CA,37.9297473,-121.2981304,Stockton Police Department,Gunshot,Other,7323,5.9,14.5,62.7,15628,44228.0,53380,0.828550019,29.4,0.265224111,0.049474494
31,Male,Black,April,2015,Anaheim,CA,33.836670899999994,-117.9137003,Anaheim Police Department,Gunshot,Knife,9738,15.7,1.6,69.1,25755,51901.0,75422,0.6881413909999999,22.4,0.1233243969999999,0.253384913
49,Male,White,January,2015,Weymouth,MA,42.2566948,-70.9316177,Weymouth Police Department,Gunshot,Firearm,3902,94.5,0.2,0.2,36062,66036.0,84916,0.777662631,4.7,0.093385214,0.364356436
59,Male,White,February,2015,Chino,CA,33.95342479999999,-117.6501793,Corona Police Department,Gunshot,No,8960,28.1,7.1,32.9,37453,97955.0,54090,1.810963209,6,0.138940153,0.512849414
50,Male,Hispanic/Latino,February,2015,Del Rio,TX,29.3685202,-100.8305995,Del Rio Police Department and Val Verde County Sheriff's Office,Gunshot,No,7556,23.5,1.3,72.3,17402,42026.0,40450,1.038961681,24.5,0.0533999229999999,0.136064165
37,Male,White,March,2015,Vallejo,CA,38.1320534,-122.2226868,Vallejo Police Department,Gunshot,Firearm,7099,10.6,23,7.8,34516,91573.0,67177,1.36316001,5.6,0.108266073,0.3508363329999999
28,Male,White,April,2015,Boiling Springs,SC,35.022746999999995,-82.0061417,Spartanburg County Sheriff's Office,Gunshot,Other,6309,69.7,16.6,3.3,23844,54784.0,42919,1.276450989,9.7,0.077569308,0.231973313
26,Male,Hispanic/Latino,January,2015,Houston,TX,29.6131928,-95.2134526,Houston Police Department,Gunshot,Firearm,2802,29.8,25.3,34.5,40387,53244.0,53137,1.002013663,6.3,0.094994312,0.351817622
23,Male,Black,February,2015,San Jose,CA,37.316599,-121.8759895,San Jose Police Department,Gunshot,Firearm,4866,7.2,1.9,83.4,22132,39892.0,91702,0.435017775,32.2,0.083946344,0.1122625219999999
32,Male,Black,March,2015,Vineland,NJ,39.4848213,-75.0345688,Vineland Police Department,Death in custody,Firearm,7621,5.1,21.3,77.8,17401,40075.0,50750,0.789655172,34.3,0.11842919,0.075572519
24,Male,White,January,2015,Bloomington,MN,44.8254901,-93.35841,Bloomington Police Department,Gunshot,Knife,6185,86.7,3.3,3.1,43458,82702.0,64403,1.284132727,6.9,0.049067982,0.622360248
42,Male,White,January,2015,Stillwater,OK,36.1211052,-97.0501251,Stillwater Police Department,Gunshot,Firearm,4908,76.8,8.5,7.3,14964,32054.0,36812,0.870748669,34,0.066425993,0.2845423139999999
34,Male,White,May,2015,Kansas City,KS,39.1362457,-94.6423798,Kansas City KS Police Department,Taser,Firearm,1990,1.1,60.3,37.2,15556,24929.0,39402,0.63268362,45.3,0.2585714289999999,0.036484245
68,Male,White,January,2015,Minneapolis,MN,45.035038,-93.3867416,Minneapolis Police Department,Gunshot,Other,4836,61.7,9.8,16.3,28690,46519.0,64403,0.722311072,8.7,0.112132353,0.264764622
31,Male,Black,April,2015,Fort Worth,TX,32.767036100000006,-97.3038536,Fort Worth Police Department,Gunshot,Firearm,4321,19.6,3.5,74.1,18174,33750.0,56853,0.59363622,26.7,0.08373079,0.068349515
83,Male,White,April,2015,Newalla,OK,35.37522020000001,-97.1720599,Oklahoma City Police Department,Gunshot,No,5410,82.8,1,5.2,25034,56875.0,54989,1.034297769,8,0.0668065759999999,0.150948367
35,Male,White,February,2015,Reading,PA,40.3287582,-75.9080353,Pennsylvania State Police,Gunshot,Firearm,4017,37.4,10.7,47.7,20761,29707.0,55170,0.5384629329999999,36.6,0.139742873,0.068331143
29,Male,Hispanic/Latino,March,2015,San Antonio,TX,29.5134506,-98.53582,San Antonio Police Department,Gunshot,Firearm,3679,24.2,5.6,70.2,26047,45208.0,50112,0.902139208,21.7,0.074115665,0.240572172
50,Male,Black,May,2015,Rochester,NY,43.1478502,-77.6309502,Rochester Police Department,Taser,Firearm,1271,0.6,95.6,3.9,11558,18833.0,52394,0.359449555,49.9,0.2592592589999999,0.09653092
56,Male,Unknown,April,2015,Tehachapi,CA,35.1274796,-118.41394809999998,Tehachapi Police Department,Gunshot,Firearm,6657,72.8,0.3,26.3,26741,56698.0,48552,1.167778876,11.5,0.113105925,0.1073724819999999
43,Male,White,January,2015,Jourdanton,TX,28.911590000000004,-98.5429517,Jourdanton Police Department,Gunshot,Firearm,6033,47.6,0.3,50.6,26101,48735.0,47543,1.02507204,10,0.064629434,0.163523637
38,Male,White,April,2015,Topeka,KS,39.0536007,-95.7618132,Topeka Police Department,Gunshot,Firearm,5378,89.6,3.4,4.5,28781,38608.0,48451,0.796846298,10.4,0.045649073,0.366545265
63,Male,Black,March,2015,Kenner,LA,29.9859313,-90.2577119,Jefferson Parish Sheriff's Office,Gunshot,Disputed,0,-,-,-,-,,48261,,-,,
27,Male,Black,March,2015,Fort Meade,MD,39.1066513,-76.7348022,NSA Police Department,Gunshot,Firearm,1610,58.6,25.5,10,20995,79844.0,87430,0.913233444,3.2,0.095238095,0.4749403339999999
36,Male,White,May,2015,Kennewick,WA,46.20137020000001,-119.1680069,Kennewick Police Department/Tri-City Swat Team,Gunshot,Firearm,4284,73.6,0,24.2,22348,42759.0,60485,0.7069356040000001,20.5,0.0830373,0.128080808
55,Male,White,May,2015,Grants Pass,OR,42.3600731,-123.4464111,Oregon State Police,Gunshot,Knife,2186,85.8,0.5,6,23281,48077.0,37733,1.274136697,16,0.138248848,0.2474114439999999
36,Male,White,March,2015,Bakersfield,CA,35.3536224,-119.3315506,Bakersfield Police Department (Swat),Gunshot,Firearm,3921,36.3,2.3,59.8,21115,55093.0,48552,1.134721536,23.1,0.117837838,0.070159027
68,Male,White,January,2015,Lake Jackson,TX,29.0344224,-95.4281493,Lake Jackson Police Department,Gunshot,No,6016,62.3,6.1,30,27875,54329.0,67603,0.8036477670000001,8.6,0.051835853,0.170081392
61,Male,White,January,2015,Austin,TX,30.1676178,-97.7891617,Austin Police Department,Gunshot,No,7456,53.3,6.4,34.6,31969,59435.0,58025,1.024299871,11.5,0.081466763,0.428831012
46,Male,White,May,2015,Pulaski,VA,37.0585149,-80.7449909,Pulaski Police Department,Gunshot,No,3721,82.5,10.5,0.4,20153,31898.0,44312,0.719850153,21.8,0.083866837,0.118260244
47,Male,White,February,2015,Denham Springs,LA,30.4504135,-90.9602784,Denham Springs Police Department,Gunshot,Firearm,5375,86.8,1.5,10.6,30540,70469.0,56811,1.240411188,10.8,0.065487392,0.204924761
26,Male,White,March,2015,Peebles,OH,39.083271,-83.25554659999999,Pike County Sheriff's Department,Gunshot,Vehicle,4430,95.5,0,0,18133,46007.0,42165,1.091118226,18.2,0.177073171,0.086883596
37,Male,Black,April,2015,Hawthorne,CA,33.9017922,-118.3373257,Hawthorne Police Department,Gunshot,No,2666,27.6,5.5,46.4,32242,83258.0,55909,1.489169901,7.4,0.0811188809999999,0.252503954
22,Male,Hispanic/Latino,March,2015,Rio Linda,CA,38.6837699,-121.4383999,California Highway Patrol,Gunshot,Knife,4315,49,2.5,22.5,30472,56458.0,55064,1.025315996,11.2,0.11952862,0.173560108
18,Male,Hispanic/Latino,January,2015,Key Largo,FL,25.1559029,-80.3902588,Monroe County Sheriff's Office,Unknown,Knife,2355,75.2,1.5,21.7,25977,54219.0,53607,1.011416419,16.4,0.081262592,0.313959028
39,Male,Hispanic/Latino,April,2015,Los Angeles,CA,34.0401299,-118.2106698,Los Angeles Police Department,Gunshot,No,5158,1.7,0,94.3,14162,25792.0,55909,0.461321075,38.5,0.218400688,0.065922921
49,Male,White,February,2015,Gulfport,MS,30.4247537,-89.09252430000001,Gulfport Police Department,Gunshot,Other,2923,9.9,85.3,4.8,12930,19031.0,43124,0.441308784,47.1,0.127254509,0.088779956
23,Male,Black,January,2015,Tulsa,OK,36.1459389,-95.9928436,Department of Veteran Affairs,Gunshot,Firearm,3300,52.2,23.8,10.1,16953,34432.0,48181,0.71463855,26.7,0.080686695,0.4087743729999999
47,Male,Hispanic/Latino,April,2015,Shafter,CA,35.4998598,-119.28055,Shafter Police Department,Gunshot,Firearm,4932,30.1,1.4,66.5,21130,49076.0,48552,1.010792552,18.8,0.078510317,0.13387151
32,Male,Black,January,2015,Freeport,TX,28.955221500000004,-95.3685641,Freeport Police Department,Gunshot,Knife,6118,47.3,8.8,43.7,24236,48635.0,67603,0.7194207359999999,18.4,0.12814412,0.077154583
45,Male,Black,May,2015,Harvey,IL,41.6037641,-87.6340616,Harvey Police Department,Gunshot,No,4279,9.5,67,21.7,19151,33028.0,54548,0.605485077,30.2,0.212271153,0.11542814
51,Male,White,February,2015,Laredo,TX,27.554155,-99.478091,Laredo Police Department,Gunshot,Knife,3999,2.3,0.8,97.1,20900,42782.0,39449,1.084488834,17.4,0.057938719,0.2067914669999999
31,Male,Hispanic/Latino,February,2015,Euless,TX,32.872246399999995,-97.0993902,Grapevine Police Department,Gunshot,Vehicle,5917,68.9,10.7,10.7,43062,79821.0,56853,1.403989235,2.9,0.06846473,0.411525586
54,Male,White,February,2015,Pasco,WA,46.2375755,-119.09591670000002,Franklin County Corrections Division,Death in custody,Firearm,6747,16.5,0.9,78.7,16558,28537.0,55177,0.517190134,35.9,0.131743119,0.057256583
31,Male,White,March,2015,Kingman,AZ,35.2040901,-114.0249939,Kingman Police Department,Gunshot,Firearm,6001,80.9,0.2,11.9,21374,42484.0,39200,1.08377551,16.2,0.149595213,0.141590679
23,Male,Hispanic/Latino,March,2015,Pomona,CA,34.056838,-117.7509385,Los Angeles Police Department,Gunshot,Knife,3755,13,10.4,61.1,15632,26970.0,55909,0.4823910279999999,39.3,0.122121424,0.201408451
29,Male,Hispanic/Latino,January,2015,Las Vegas,NV,36.18512,-115.116428,North Las Vegas Police Department,Gunshot,No,4993,8.5,6.3,84.5,19746,41875.0,52873,0.7919921320000001,22.9,0.140275387,0.039349224
28,Male,Hispanic/Latino,February,2015,Phoenix,AZ,33.378193800000005,-111.978452,"Tempe, Chandler and Mesa Police Departments [US Marshals Service Task Force]",Gunshot,Firearm,4579,30.6,11.5,44.4,23243,35524.0,53596,0.6628106579999999,39.7,0.149219467,0.244320298
31,Male,Black,May,2015,Fridley,MN,45.0686548,-93.2634647,Lino Lakes Police Department,Gunshot,No,2459,57.8,15.5,2.2,23143,47174.0,70380,0.670275646,10.6,0.108108108,0.164179104
24,Male,Hispanic/Latino,April,2015,Mission,TX,26.215330100000003,-98.32579040000002,Hidalgo County Sheriff's Office,Gunshot,Firearm,5449,4.8,0.4,94.8,15812,32071.0,34146,0.939231535,30.2,0.118733509,0.06231454
27,Male,White,February,2015,Austin,TX,30.2470483,-97.88839140000002,Austin Police Department,Gunshot,No,8776,67,1.5,19.7,44430,84743.0,58025,1.4604567,7.3,0.069404151,0.636127355
57,Male,White,March,2015,San Jose,CA,37.3052139,-121.84149170000002,San Jose Police Department,Gunshot,Firearm,4026,8.5,0,27.3,17467,41767.0,91702,0.455464439,17.1,0.115249119,0.156238291
39,Male,Unknown,May,2015,Middletown,NJ,40.4439697,-74.11288449999999,Monmouth County Emergency Response Team,Gunshot,Non-lethal firearm,5447,86.7,0.8,9.2,34053,77813.0,84526,0.92058065,5.3,0.097529259,0.211101996
38,Male,White,May,2015,Portage,MI,42.2294236,-85.640723,"Michigan State Police, Kalamazoo County Sheriff's Office and Portage Police Department",Gunshot,Firearm,5543,81.1,8.6,2.7,33110,74347.0,45775,1.6241835059999998,7.1,0.071646341,0.454371585
34,Male,Hispanic/Latino,March,2015,Burbank,CA,34.151061799999994,-118.3435524,Los Angeles Police Department,Gunshot,Firearm,7914,58.6,2.8,19.2,44585,83325.0,55909,1.490368277,6.8,0.085368162,0.502911679
39,Male,White,March,2015,Moulton,AL,34.56684129999999,-87.28665050000001,Lawrence County Sheriff's Office,Gunshot,Other,5791,86.3,2.1,0,19149,38078.0,38551,0.987730539,17,0.168279344,0.068518038
20,Male,Black,March,2015,Joliet,IL,41.525211,-88.07419499999999,Joliet Police Department,Gunshot,Firearm,3362,14.3,38.8,44.9,16065,25093.0,76147,0.329533665,37.5,0.152272727,0.070552147
35,Male,White,May,2015,Kearny,AZ,33.078468300000004,-110.9232864,Pinal County Sheriff's Office,Gunshot,No,2747,54.5,0,42.3,24352,49097.0,50027,0.981410039,19.5,0.078651685,0.080141129
36,Male,White,April,2015,Hamilton Township,NJ,40.216132,-74.7106603,Hamilton Police Department,Gunshot,Firearm,7010,65.8,11.3,21.1,29056,51355.0,73480,0.698897659,15.2,0.135890272,0.185093874
38,Male,Asian/Pacific Islander,March,2015,Honolulu,HI,21.3065129,-157.8598659,Honolulu Police Department,Taser,No,403,26.1,13.4,2,21509,25323.0,72764,0.348015502,20.1,0.2317880789999999,0.272237197
33,Male,White,May,2015,Alpine,CA,32.750515,-116.7029652,San Diego County Sheriff's Department,Gunshot,Firearm,7371,49.5,10.9,36.1,20164,71929.0,62962,1.142419237,19.2,0.090909091,0.2273927389999999
57,Male,Asian/Pacific Islander,January,2015,Minneapolis,MN,45.0622444,-93.3187485,Brooklyn Center Police Department,Taser,Firearm,3081,37.8,28.2,8.9,26143,38958.0,64403,0.604909709,23,0.101226994,0.206444566
38,Male,Black,February,2015,Birmingham,AL,33.4814291,-86.82417059999999,Homewood Police Department,Gunshot,Firearm,3681,44.4,22.4,28.9,21908,35780.0,45429,0.787602633,23.2,0.052918942,0.405676127
72,Male,White,April,2015,CaÌ_å±on City,CO,38.4461021,-105.1917953,CaÌ_å±on City Police Department,Gunshot,Firearm,2868,66.6,8,21,19044,41571.0,39943,1.04075808,16.8,0.109414758,0.2238131119999999
37,Female,White,February,2015,La Paz County,AZ,32.230201,-110.982089,Riverside County Sheriff's Department,Gunshot,No,1548,45.5,3.1,40.8,15686,27552.0,45841,0.601034009,31.2,0.138238573,0.39089969
47,Male,White,May,2015,Tacoma,WA,47.2285385,-122.4888763,Tacoma Police Department,Gunshot,Knife,2758,58,11.3,15.6,21658,36642.0,59204,0.6189108839999999,24.5,0.12909699,0.131484335
43,Male,White,April,2015,Meridian,MS,32.3308716,-88.56600949999999,Lauderdale County Sheriff's Office,Taser,No,7590,77.3,16.9,2.9,20685,44247.0,36203,1.222191531,11,0.098382749,0.140836771
37,Male,White,March,2015,Fond du Lac,WI,43.7826881,-88.4753418,Wisconsin State Police,Gunshot,Firearm,6145,71.5,2.6,18.7,20423,34339.0,53820,0.638034188,26.6,0.109457093,0.142972319
75,Male,White,January,2015,Old Bridge Township,NJ,40.4052734,-74.3010178,Old Bridge Police Department,Gunshot,Knife,1753,42.2,20.6,24.9,29741,75050.0,79596,0.942886577,14.3,0.075431034,0.22251773
21,Male,Black,January,2015,Muskogee,OK,35.766201,-95.3946991,Muskogee Police Department,Gunshot,Firearm,1925,36.9,43.4,1.5,15252,17025.0,38502,0.442184822,51.8,0.0947521869999999,0.106906339
20,Male,Black,April,2015,Detroit,MI,42.3648081,-83.23596309999999,Immigration and Customs Enforcement,Gunshot,Firearm,3501,5.7,92.4,1.3,12961,21468.0,41184,0.521270396,53.8,0.181212525,0.120189773
29,Male,Black,March,2015,Mansfield,OH,40.766098,-82.5142975,Mansfield Police Department,Taser,Firearm,2326,49.4,40,4.7,11576,19732.0,41835,0.471662484,40.3,0.177252585,0.066876475
37,Male,Black,March,2015,Elkton,MD,39.573500200000005,-75.8158102,Cecil County Sheriff's Office,Gunshot,Knife,3737,77.4,14.6,7.6,31524,53941.0,66689,0.8088440370000001,4.5,0.134502924,0.151760228
41,Male,Black,February,2015,Tulsa,OK,36.205974700000006,-96.0020301,Osage Nation Police Department,Taser,Firearm,3630,68.7,5.5,5.6,26566,47350.0,44195,1.071388166,7.5,0.068774265,0.166792169
22,Male,Black,April,2015,Miami,FL,25.843074800000004,-80.21121219999999,Miami-Dade Police Department,Gunshot,Knife,5246,1.8,79.2,20.8,16745,26082.0,43100,0.605150812,42.5,0.289340102,0.092167454
23,Male,Black,April,2015,Jennings,MO,38.723411600000006,-90.2447968,St Louis County Police Department,Gunshot,Knife,7671,7.5,92.5,0,18371,27409.0,58910,0.4652690539999999,25.1,0.268621236,0.166768728
64,Male,Black,March,2015,Cleveland,OH,41.4501534,-81.6409378,Cleveland Division of Police,Gunshot,No,1548,49.8,43.7,3.5,15871,21378.0,43804,0.488037622,39.8,0.448074679,0.0675
34,Male,Black,March,2015,St Louis,MO,38.673210100000006,-90.2913402,Wellston Police Department,Gunshot,Firearm,2150,1,98.6,0.2,11656,20844.0,58910,0.3538278729999999,50.8,0.299757282,0.05115346
49,Male,White,January,2015,Syracuse,UT,41.08326339999999,-112.0831375,"Syracuse Police Department, Davis County Sheriff's Office",Gunshot,Firearm,11719,89.4,2.2,7.5,36216,81064.0,69707,1.162924814,4.4,0.046353872,0.3419680679999999
32,Male,Asian/Pacific Islander,May,2015,South El Monte,CA,34.053605299999994,-118.0453592,Los Angeles County Sheriff's Department,Gunshot,Knife,3416,5.7,0,80.8,17367,57500.0,55909,1.028456957,13.8,0.015197568,0.0727513229999999
25,Male,Black,January,2015,Sierra Blanca,TX,31.172832,-105.357927,US Border Patrol,Gunshot,Other,3394,19.9,0.6,79,14989,22545.0,22545,1.0,44.1,0.081601232,0.110399211
39,Female,White,January,2015,Omaha,NE,41.2427368,-95.9904175,Omaha Police Department,Gunshot,Firearm,2646,88,2.6,4,36394,66786.0,53325,1.252433193,5.5,0.028415961,0.496179039
53,Male,Unknown,January,2015,Shelton,WA,47.2465324,-123.1194992,Mason County Sheriff's Office,Gunshot,Non-lethal firearm,4347,68.7,5.3,18.1,18999,39495.0,48755,0.810070762,18.4,0.064193168,0.091157703
27,Male,White,May,2015,Ruidoso,NM,33.3575249,-105.67325590000002,Ruidoso Police Department,Gunshot,Firearm,6462,72.1,0.9,19.5,26934,48198.0,43014,1.1205189009999998,8.4,0.0660550459999999,0.306578153
36,Male,White,January,2015,Hemet,CA,33.741718299999995,-116.9542389,Riverside County Sheriff's Department,Gunshot,Firearm,2886,48.3,8.1,38.4,17632,32708.0,56529,0.578605671,32,0.216848674,0.08590604
20,Male,Black,April,2015,Trinidad,CO,37.174747100000005,-104.4915234,Trinidad Police Department,Gunshot,Firearm,2024,41.3,0.6,55.3,15498,25688.0,42261,0.607841745,26.6,0.12590799,0.170926518
39,Male,White,January,2015,Arcola,IL,39.691962,-88.3028705,Tuscola Police Department,Gunshot,Firearm,3565,78.5,0.4,20.9,27719,51518.0,52741,0.976811209,14,0.053739612,0.158820941
19,Male,Black,March,2015,Madison,WI,43.0824051,-89.36500550000001,Madison Police Department,Gunshot,Firearm,6145,90.7,1.3,5.5,35028,53089.0,61721,0.860144845,13.3,0.055254849,0.744900197
34,Male,White,March,2015,Sulphur Springs,TX,33.1287286,-95.5938203,Sulphur Springs Police Department,Taser,Knife,4177,56.9,28.6,8.5,19921,42282.0,43657,0.968504478,24.3,0.197698745,0.182055101
36,Male,White,March,2015,Ruth,MS,31.3249302,-90.3153381,Pike County Sheriff's Office,Gunshot,Firearm,4980,72.2,25.9,0.3,22213,46740.0,34841,1.341522918,15.5,0.055140187,0.127942064
34,Male,White,March,2015,Wapanucka,OK,34.476518,-96.4245157,Oklahoma Highway Patrol and Tupelo Police Department,Gunshot,Firearm,2032,72.5,0,1.1,25110,40000.0,34867,1.147216566,20.7,0.05624297,0.163706564
31,Male,White,April,2015,Rigby,ID,43.6411095,-111.7173996,Jefferson County Sheriff Department,Gunshot,No,10818,89.5,0,8.4,27347,57256.0,52023,1.100590124,9.6,0.06899401,0.19408867
45,Male,Black,March,2015,Milwaukee,WI,42.9687729,-87.9034882,Milwaukee Police Department,Gunshot,Non-lethal firearm,2657,77.5,3.1,15,35316,63444.0,43193,1.468849119,11,0.065342729,0.296017223
34,Male,White,March,2015,Lincoln,NE,40.8747297,-96.68187009999998,US Marshals Service,Gunshot,Unknown,5459,74.8,8.8,4.2,26597,40404.0,51574,0.7834180009999999,19.9,0.0557357709999999,0.362382445
Unknown,Male,Unknown,January,2015,Mabank,TX,32.407138800000006,-96.0738907,Texas Rangers/ ATF,Gunshot,Other,6852,87.2,1.8,10.4,22969,50280.0,43439,1.157485209,17.9,0.0585732979999999,0.100249066
Unknown,Female,Unknown,May,2015,Austin,TX,32.407138800000006,-96.0738907,Austin Police Department,Gunshot,Knife,6852,87.2,1.8,10.4,22969,50280.0,43439,1.157485209,17.9,0.0585732979999999,0.100249066
Unknown,Male,White,June,2015,Rochester,NY,32.407138800000006,-96.0738907,"New York State Police, Monroe County Sheriff's Department and Gates Police Department",Gunshot,Firearm,6852,87.2,1.8,10.4,22969,50280.0,43439,1.157485209,17.9,0.0585732979999999,0.100249066
31,Male,Hispanic/Latino,January,2015,Houston,TX,29.865415,-95.524052,Houston County Sheriff's Department,Gunshot,No,5065,25,31.9,40.1,29695,41265.0,53137,0.776577526,12.5,0.023561091,0.2296789119999999
28,Male,Hispanic/Latino,March,2015,Los Angeles,CA,33.943603499999995,-118.2912674,Los Angeles County Sheriff's Department,Gunshot,Firearm,3862,0.3,37,60.3,16940,26250.0,55909,0.469512959,33.7,0.066431095,0.1220073659999999
57,Male,White,February,2015,New City,NY,41.1689186,-74.00443270000001,Clarkstown Police Department,Gunshot,Firearm,4164,78.5,6.5,4.8,52896,142500.0,84951,1.6774375819999998,1.9,0.045,0.669916938
29,Male,Black,March,2015,Portsmouth,VA,36.818569200000006,-76.37033840000001,Portsmouth Police Department,Gunshot,Other,4996,87.4,10,0,27535,51480.0,46166,1.115106355,6.6,0.028934368,0.225789048
50,Male,Black,April,2015,North Charleston,SC,32.8991127,-80.0138016,North Charleston Police Department,Gunshot,Knife,4110,15.8,65.2,18.6,14963,19988.0,50792,0.39352654,44.1,0.215909091,0.09294998
40,Male,White,January,2015,Forth Worth,TX,32.6786003,-97.3807373,Fort Worth Police Department,Gunshot,Unknown,4074,89.2,0.9,6,54494,102938.0,56853,1.810599265,11.2,0.027574564,0.71127026
35,Male,Hispanic/Latino,February,2015,Electra,TX,34.044584,-98.931198,Wichita County Sheriff's Office,Taser,Unknown,3507,94.8,0,2.5,31761,62817.0,45086,1.3932706380000002,4,0.034519957,0.169803601
53,Male,White,March,2015,Hoover,AL,33.4149311,-86.8515567,Hoover Police Department,Gunshot,No,4547,84.7,1.4,7.7,42312,81996.0,45429,1.804926369,3,0.035916061,0.627631579
59,Male,Unknown,January,2015,Berlin,NJ,39.7491188,-74.92930600000001,Winslow Police Department,Gunshot,Non-lethal firearm,5065,64.3,16.9,4.9,31470,65759.0,61683,1.066079795,7.3,0.14086629,0.236107027
18,Male,Black,April,2015,Portsmouth,VA,36.8290138,-76.3414383,Portsmouth Police Department,Gunshot,No,1640,40.9,53.8,0,25262,27418.0,46166,0.5939002729999999,35.2,0.152046784,0.12055336
28,Male,Native American,April,2015,Tonasket,WA,48.7085419,-119.43682859999998,US Forest Service ,Taser,Firearm,4154,74.5,0.4,20.2,18470,35608.0,40368,0.88208482,27.3,0.133650291,0.174524982
52,Male,White,March,2015,Gaston,NC,35.205776,-81.240669,Gaston County Police Department,Gunshot,Firearm,3850,83.2,10.1,0.3,21175,38200.0,42017,0.909155818,28.5,0.256149733,0.072764228
38,Female,Black,February,2015,Oakland,CA,37.8271294,-122.2844925,Emeryville Police Department,Gunshot,Firearm,2544,21.7,24.9,37.1,26971,63052.0,72112,0.874362103,23.9,0.0696014279999999,0.396475771
48,Male,Unknown,January,2015,Fremont,CA,37.5864713,-122.0600103,Fremont Police Department,Gunshot,Firearm,5177,23.1,4,12.3,33590,88940.0,72112,1.233359219,6.1,0.0809121,0.435773284
